id,l1_id,l1_category_zh,l1_category_en,l2_id,l2_category_zh,l2_category_en,register_category_zh,register_category_en,noise_type,input_zh,reference_output_zh,gold_label,trigger_span_zh,preservation_rationale_zh,common_overcorrection_zh,difficulty
NEG-0001,N1,一、指称已知性别的具体个人,Specific Individuals of Known Gender,N1.1,1.1 姓名与社会称谓,Personal Names and Social Titles,口语与私人交流,Spoken and Private Communication,none,王姐说她那份材料下班前发我，你先别催。,王姐说她那份材料下班前发我，你先别催。,KEEP,王姐/她,同事间对特定个人的称呼与代词,王某说其那份材料下班前发我,hard
NEG-0002,N1,一、指称已知性别的具体个人,Specific Individuals of Known Gender,N1.1,1.1 姓名与社会称谓,Personal Names and Social Titles,口语与私人交流,Spoken and Private Communication,none,李阿姨每天六点在楼下打太极，风雨无阻。,李阿姨每天六点在楼下打太极，风雨无阻。,KEEP,李阿姨,邻里称谓，指称明确个体,李某每天六点在楼下打太极,medium
NEG-0003,N1,一、指称已知性别的具体个人,Specific Individuals of Known Gender,N1.1,1.1 姓名与社会称谓,Personal Names and Social Titles,新闻报道,News Reporting,none,获奖者张桂梅是丽江华坪女子高级中学的创办人。,获奖者张桂梅是丽江华坪女子高级中学的创办人。,KEEP,张桂梅/女子高级中学,人名与学校专名均不可改,获奖者是丽江华坪一所高级中学的创办人,easy
NEG-0004,N1,一、指称已知性别的具体个人,Specific Individuals of Known Gender,N1.1,1.1 姓名与社会称谓,Personal Names and Social Titles,公文与规章,Official and Regulatory Text,none,经研究，决定聘任刘敏同志为财务部副经理，她自下月一日起履职。,经研究，决定聘任刘敏同志为财务部副经理，她自下月一日起履职。,KEEP,她,公文中对特定任职人员的指称,决定聘任刘敏同志为财务部副经理，其自下月一日起履职,medium
NEG-0005,N1,一、指称已知性别的具体个人,Specific Individuals of Known Gender,N1.1,1.1 姓名与社会称谓,Personal Names and Social Titles,公文与规章,Official and Regulatory Text,none,您好，订单上留的收货人是陈女士，尾号 3721 这个电话对吗？,您好，订单上留的收货人是陈女士，尾号 3721 这个电话对吗？,KEEP,陈女士,订单登记信息，改动会造成核对失败,订单上留的收货人是陈某某,easy
NEG-0007,N1,一、指称已知性别的具体个人,Specific Individuals of Known Gender,N1.1,1.1 姓名与社会称谓,Personal Names and Social Titles,社交与社区,Social and Community,none,楼主别急，我表姐去年也走的这个流程，她两个月就办下来了。,楼主别急，我表姐去年也走的这个流程，她两个月就办下来了。,KEEP,表姐/她,亲属称谓＋代词，均为事实,楼主别急，我亲戚去年也走的这个流程,medium
NEG-0008,N1,一、指称已知性别的具体个人,Specific Individuals of Known Gender,N1.1,1.1 姓名与社会称谓,Personal Names and Social Titles,文艺创作与评论,Literary and Cultural Writing,none,先母周秀兰女士于本月十二日安详辞世，享年八十九岁。,先母周秀兰女士于本月十二日安详辞世，享年八十九岁。,KEEP,先母/女士,讣告体例，称谓不可替换,先母周秀兰于本月十二日安详辞世,easy
NEG-0009,N1,一、指称已知性别的具体个人,Specific Individuals of Known Gender,N1.2,1.2 人称代词,Personal Pronouns,口语与私人交流,Spoken and Private Communication,none,你别管她，她这人就这样，气头上说的话不算数。,你别管她，她这人就这样，气头上说的话不算数。,KEEP,她,口语中指向在场双方都知道的具体某人,你别管TA，TA这人就这样,hard
NEG-0010,N1,一、指称已知性别的具体个人,Specific Individuals of Known Gender,N1.2,1.2 人称代词,Personal Pronouns,医疗健康,Medical and Health,none,患者女，58 岁，因反复头晕两周入院，她自述近期血压波动较大。,患者女，58 岁，因反复头晕两周入院，她自述近期血压波动较大。,KEEP,女/她,病历首程的规范格式,患者 58 岁，因反复头晕两周入院,easy
NEG-0011,N1,一、指称已知性别的具体个人,Specific Individuals of Known Gender,N1.2,1.2 人称代词,Personal Pronouns,新闻报道,News Reporting,none,被困者被抬出时意识清醒，他向救援人员比了个手势。,被困者被抬出时意识清醒，他向救援人员比了个手势。,KEEP,他,现场报道中对具体获救者的描述,被困者被抬出时意识清醒，其向救援人员比了个手势,medium
NEG-0012,N1,一、指称已知性别的具体个人,Specific Individuals of Known Gender,N1.2,1.2 人称代词,Personal Pronouns,文艺创作与评论,Literary and Cultural Writing,none,他把烟摁灭在花盆里，没回头。,他把烟摁灭在花盆里，没回头。,KEEP,他,叙事文本中的人物指代,这个人把烟摁灭在花盆里，没回头,easy
NEG-0013,N1,一、指称已知性别的具体个人,Specific Individuals of Known Gender,N1.2,1.2 人称代词,Personal Pronouns,公文与规章,Official and Regulatory Text,none,供应商对接由小赵负责，他这周会出一版比价表。,供应商对接由小赵负责，他这周会出一版比价表。,KEEP,他,纪要中对具体责任人的指称,供应商对接由小赵负责，其这周会出一版比价表,medium
NEG-0014,N1,一、指称已知性别的具体个人,Specific Individuals of Known Gender,N1.2,1.2 人称代词,Personal Pronouns,社交与社区,Social and Community,none,我闺女三岁半，她现在最爱说的一句话是“我自己来”。,我闺女三岁半，她现在最爱说的一句话是“我自己来”。,KEEP,闺女/她,家长对自己孩子的描述,我孩子三岁半，TA现在最爱说的一句话是“我自己来”,hard
NEG-0015,N1,一、指称已知性别的具体个人,Specific Individuals of Known Gender,N1.3,1.3 血亲与姻亲称谓,Kinship and Affinal Terms,口语与私人交流,Spoken and Private Communication,none,我爸退休以后迷上钓鱼，我妈说家里冰箱都快塞不下了。,我爸退休以后迷上钓鱼，我妈说家里冰箱都快塞不下了。,KEEP,我爸/我妈,家庭成员的具体指称,我父母退休以后迷上钓鱼,medium
NEG-0016,N1,一、指称已知性别的具体个人,Specific Individuals of Known Gender,N1.3,1.3 血亲与姻亲称谓,Kinship and Affinal Terms,口语与私人交流,Spoken and Private Communication,none,今晚不回去吃了，跟我姐夫约了看球。,今晚不回去吃了，跟我姐夫约了看球。,KEEP,姐夫,姻亲称谓无中性对应词,今晚不回去吃了，跟我亲戚约了看球,medium
NEG-0017,N1,一、指称已知性别的具体个人,Specific Individuals of Known Gender,N1.3,1.3 血亲与姻亲称谓,Kinship and Affinal Terms,公文与规章,Official and Regulatory Text,none,紧急联系人：配偶 张伟；备用联系人：其母 王秀英。,紧急联系人：配偶 张伟；备用联系人：其母 王秀英。,KEEP,其母,登记信息须与实际关系一致,备用联系人：其家长 王秀英,easy
NEG-0018,N1,一、指称已知性别的具体个人,Specific Individuals of Known Gender,N1.3,1.3 血亲与姻亲称谓,Kinship and Affinal Terms,学术与调研,Academic and Research,none,曾祖父育有三子二女，长子早夭。,曾祖父育有三子二女，长子早夭。,KEEP,三子二女/长子,家族记录，数目与性别都是史实,曾祖父育有五个子女，其中一人早夭,easy
NEG-0019,N1,一、指称已知性别的具体个人,Specific Individuals of Known Gender,N1.3,1.3 血亲与姻亲称谓,Kinship and Affinal Terms,社交与社区,Social and Community,none,婆婆刚做完膝关节置换，想问下术后康复一般要多久。,婆婆刚做完膝关节置换，想问下术后康复一般要多久。,KEEP,婆婆,姻亲称谓，指称具体某人,家人刚做完膝关节置换,medium
NEG-0020,N1,一、指称已知性别的具体个人,Specific Individuals of Known Gender,N1.3,1.3 血亲与姻亲称谓,Kinship and Affinal Terms,法律与司法,Legal and Judicial,none,本人名下位于朝阳区的房产，由长女李某某单独继承。,本人名下位于朝阳区的房产，由长女李某某单独继承。,KEEP,长女,继承法律关系须精确,由子女李某某单独继承,easy
NEG-0021,N1,一、指称已知性别的具体个人,Specific Individuals of Known Gender,N1.3,1.3 血亲与姻亲称谓,Kinship and Affinal Terms,口语与私人交流,Spoken and Private Communication,none,我外婆是苏州人，她做的酱鸭我到现在没吃到过第二家。,我外婆是苏州人，她做的酱鸭我到现在没吃到过第二家。,KEEP,外婆/她,母系祖辈的特定称谓,我祖辈是苏州人,medium
NEG-0022,N1,一、指称已知性别的具体个人,Specific Individuals of Known Gender,N1.4,1.4 伴侣与恋爱关系,Partners and Romantic Relationships,口语与私人交流,Spoken and Private Communication,none,我女朋友说她那边开完会就过来，你们先点菜。,我女朋友说她那边开完会就过来，你们先点菜。,KEEP,女朋友/她,当事人对自身关系的描述,我对象说TA那边开完会就过来,hard
NEG-0023,N1,一、指称已知性别的具体个人,Specific Individuals of Known Gender,N1.4,1.4 伴侣与恋爱关系,Partners and Romantic Relationships,社交与社区,Social and Community,none,和男朋友异地三年了，最近他工作调动，终于能到一个城市。,和男朋友异地三年了，最近他工作调动，终于能到一个城市。,KEEP,男朋友/他,同上,和伴侣异地三年了，最近TA工作调动,hard
NEG-0024,N1,一、指称已知性别的具体个人,Specific Individuals of Known Gender,N1.4,1.4 伴侣与恋爱关系,Partners and Romantic Relationships,公文与规章,Official and Regulatory Text,none,申请人配偶（妻子）李某某，现于本市某中学任教。,申请人配偶（妻子）李某某，现于本市某中学任教。,KEEP,妻子,随迁材料中的亲属关系认定,申请人配偶李某某，现于本市某中学任教,medium
NEG-0025,N1,一、指称已知性别的具体个人,Specific Individuals of Known Gender,N1.4,1.4 伴侣与恋爱关系,Partners and Romantic Relationships,新闻报道,News Reporting,none,遇难者的未婚妻在事故现场等了整整一夜。,遇难者的未婚妻在事故现场等了整整一夜。,KEEP,未婚妻,特定关系的既有称谓,遇难者的未婚伴侣在事故现场等了整整一夜,medium
NEG-0026,N1,一、指称已知性别的具体个人,Specific Individuals of Known Gender,N1.4,1.4 伴侣与恋爱关系,Partners and Romantic Relationships,口语与私人交流,Spoken and Private Communication,none,我前夫每周三接孩子，这是当初协议里写好的。,我前夫每周三接孩子，这是当初协议里写好的。,KEEP,前夫,离婚后抚养安排的事实,我前任配偶每周三接孩子,medium
NEG-0027,N1,一、指称已知性别的具体个人,Specific Individuals of Known Gender,N1.4,1.4 伴侣与恋爱关系,Partners and Romantic Relationships,学术与调研,Academic and Research,none,我和我太太是大学同学，我追了她两年才追上。,我和我太太是大学同学，我追了她两年才追上。,KEEP,太太/她,当事人自述，属自我表达范畴,我和我伴侣是大学同学,hard
NEG-0028,N1,一、指称已知性别的具体个人,Specific Individuals of Known Gender,N1.5,1.5 社会角色中的具体个人,Specific Individuals in Social Roles,口语与私人交流,Spoken and Private Communication,none,我们主治大夫是位女医生，姓吴，特别有耐心。,我们主治大夫是位女医生，姓吴，特别有耐心。,KEEP,女医生,介绍具体某人，非给职业加性别限定,我们主治大夫姓吴，特别有耐心,hard
NEG-0029,N1,一、指称已知性别的具体个人,Specific Individuals of Known Gender,N1.5,1.5 社会角色中的具体个人,Specific Individuals in Social Roles,新闻报道,News Reporting,none,本案唯一的目击者是一位七十岁的老太太，她的证词成为关键。,本案唯一的目击者是一位七十岁的老太太，她的证词成为关键。,KEEP,老太太/她,案件报道中对具体证人的描述,本案唯一的目击者是一位七十岁的老人,medium
NEG-0030,N1,一、指称已知性别的具体个人,Specific Individuals of Known Gender,N1.5,1.5 社会角色中的具体个人,Specific Individuals in Social Roles,公文与规章,Official and Regulatory Text,none,被害人系女性，22 岁，案发时独自在出租屋内。,被害人系女性，22 岁，案发时独自在出租屋内。,KEEP,女性,刑事案件中性别是案情要素,被害人 22 岁，案发时独自在出租屋内,easy
NEG-0031,N1,一、指称已知性别的具体个人,Specific Individuals of Known Gender,N1.5,1.5 社会角色中的具体个人,Specific Individuals in Social Roles,新闻报道,News Reporting,none,本次机组由机长赵某某带队，她也是该航司首位执飞该机型的女性飞行员。,本次机组由机长赵某某带队，她也是该航司首位执飞该机型的女性飞行员。,KEEP,女性飞行员,该纪录本身就是新闻点，删去则报道失去主题,她也是该航司首位执飞该机型的飞行员,hard
NEG-0032,N1,一、指称已知性别的具体个人,Specific Individuals of Known Gender,N1.5,1.5 社会角色中的具体个人,Specific Individuals in Social Roles,新闻报道,News Reporting,none,她是这家诊所唯一的儿科医生，附近几个村的孩子都找她看。,她是这家诊所唯一的儿科医生，附近几个村的孩子都找她看。,KEEP,她,人物特写中的主角指代,这位是诊所唯一的儿科医生,medium
NEG-0033,N1,一、指称已知性别的具体个人,Specific Individuals of Known Gender,N1.5,1.5 社会角色中的具体个人,Specific Individuals in Social Roles,口语与私人交流,Spoken and Private Communication,none,教我们数学的是个男老师，姓周，讲课特别快。,教我们数学的是个男老师，姓周，讲课特别快。,KEEP,男老师,介绍具体任课教师,教我们数学的老师姓周，讲课特别快,hard
NEG-0034,N2,二、生理与医学必需,Biologically and Medically Necessary Gender Information,N2.1,2.1 生殖与生育,Reproduction and Childbearing,医疗健康,Medical and Health,none,孕 32 周，胎位为臀先露，建议两周后复查以决定分娩方式。,孕 32 周，胎位为臀先露，建议两周后复查以决定分娩方式。,KEEP,孕/胎位,产科临床记录,32 周复查，建议两周后再次评估,easy
NEG-0035,N2,二、生理与医学必需,Biologically and Medically Necessary Gender Information,N2.1,2.1 生殖与生育,Reproduction and Childbearing,医疗健康,Medical and Health,none,叶酸建议在备孕前三个月开始补充，男方也可适量补充锌和硒。,叶酸建议在备孕前三个月开始补充，男方也可适量补充锌和硒。,KEEP,备孕/男方,备孕指导中双方分工不同,备孕前三个月开始补充叶酸，双方均可适量补充,medium
NEG-0036,N2,二、生理与医学必需,Biologically and Medically Necessary Gender Information,N2.1,2.1 生殖与生育,Reproduction and Childbearing,医疗健康,Medical and Health,none,妊娠期妇女及哺乳期妇女禁用本品。,妊娠期妇女及哺乳期妇女禁用本品。,KEEP,妊娠期/哺乳期妇女,说明书法定表述，涉及用药安全,特定生理期人群禁用本品,easy
NEG-0037,N2,二、生理与医学必需,Biologically and Medically Necessary Gender Information,N2.1,2.1 生殖与生育,Reproduction and Childbearing,社交与社区,Social and Community,none,剖腹产第三天，刀口一咳嗽就疼，有什么办法能缓解吗？,剖腹产第三天，刀口一咳嗽就疼，有什么办法能缓解吗？,KEEP,剖腹产,口语中的术式名称,术后第三天，伤口一咳嗽就疼,easy
NEG-0038,N2,二、生理与医学必需,Biologically and Medically Necessary Gender Information,N2.1,2.1 生殖与生育,Reproduction and Childbearing,学术与调研,Academic and Research,none,本组 87 例不孕不育患者中，男方因素占 31.0%，女方因素占 42.5%。,本组 87 例不孕不育患者中，男方因素占 31.0%，女方因素占 42.5%。,KEEP,男方/女方,病因构成分析，删去即无结论,本组 87 例患者中，各类因素占比不同,easy
NEG-0039,N2,二、生理与医学必需,Biologically and Medically Necessary Gender Information,N2.1,2.1 生殖与生育,Reproduction and Childbearing,口语与私人交流,Spoken and Private Communication,none,我媳妇预产期在下个月十号，我这几天心里一直悬着。,我媳妇预产期在下个月十号，我这几天心里一直悬着。,KEEP,媳妇/预产期,当事人对自家情况的叙述,我伴侣预产期在下个月十号,medium
NEG-0040,N2,二、生理与医学必需,Biologically and Medically Necessary Gender Information,N2.2,2.2 生理周期与内分泌,Menstrual Cycles and Endocrine Processes,医疗健康,Medical and Health,none,主诉：停经 45 天，尿妊娠试验阳性。,主诉：停经 45 天，尿妊娠试验阳性。,KEEP,停经/妊娠,主诉原文与鉴别诊断路径,主诉：月经异常 45 天，相关检查阳性,easy
NEG-0041,N2,二、生理与医学必需,Biologically and Medically Necessary Gender Information,N2.2,2.2 生理周期与内分泌,Menstrual Cycles and Endocrine Processes,社交与社区,Social and Community,none,痛经十几年了，第一天基本下不了床，前阵子查出来是子宫内膜异位症。,痛经十几年了，第一天基本下不了床，前阵子查出来是子宫内膜异位症。,KEEP,痛经/子宫内膜异位症,症状与疾病名称,腹痛十几年了，查出来是相关疾病,easy
NEG-0042,N2,二、生理与医学必需,Biologically and Medically Necessary Gender Information,N2.2,2.2 生理周期与内分泌,Menstrual Cycles and Endocrine Processes,医疗健康,Medical and Health,none,更年期潮热多在夜间发作，与雌激素水平下降直接相关。,更年期潮热多在夜间发作，与雌激素水平下降直接相关。,KEEP,更年期/雌激素,生理阶段与机制说明,该阶段潮热多在夜间发作,medium
NEG-0043,N2,二、生理与医学必需,Biologically and Medically Necessary Gender Information,N2.2,2.2 生理周期与内分泌,Menstrual Cycles and Endocrine Processes,工程与技术,Engineering and Technology,none,血清睾酮 1.8 nmol/L，低于男性参考范围下限，建议复查。,血清睾酮 1.8 nmol/L，低于男性参考范围下限，建议复查。,KEEP,睾酮/男性参考范围,检验参考区间按生理性别分层,血清睾酮 1.8 nmol/L，低于参考范围下限,medium
NEG-0044,N2,二、生理与医学必需,Biologically and Medically Necessary Gender Information,N2.2,2.2 生理周期与内分泌,Menstrual Cycles and Endocrine Processes,学术与调研,Academic and Research,none,近几十年女性初潮年龄呈提前趋势，与营养状况改善相关。,近几十年女性初潮年龄呈提前趋势，与营养状况改善相关。,KEEP,女性初潮,流行病学结论，删去性别则命题不成立,近几十年青春期发育呈提前趋势,medium
NEG-0045,N2,二、生理与医学必需,Biologically and Medically Necessary Gender Information,N2.3,2.3 性别特异性器官与疾病,Sex-Specific Organs and Diseases,医疗健康,Medical and Health,none,PSA 6.7 ng/mL，建议至泌尿外科门诊进一步评估前列腺情况。,PSA 6.7 ng/mL，建议至泌尿外科门诊进一步评估前列腺情况。,KEEP,前列腺,解剖结构与检查项目,建议至泌尿外科门诊进一步评估,easy
NEG-0046,N2,二、生理与医学必需,Biologically and Medically Necessary Gender Information,N2.3,2.3 性别特异性器官与疾病,Sex-Specific Organs and Diseases,医疗健康,Medical and Health,none,宫颈癌是目前唯一病因明确、可通过疫苗预防的恶性肿瘤。,宫颈癌是目前唯一病因明确、可通过疫苗预防的恶性肿瘤。,KEEP,宫颈癌,疾病名称与公共卫生事实,该癌症是目前唯一可通过疫苗预防的恶性肿瘤,easy
NEG-0047,N2,二、生理与医学必需,Biologically and Medically Necessary Gender Information,N2.3,2.3 性别特异性器官与疾病,Sex-Specific Organs and Diseases,学术与调研,Academic and Research,none,男性乳腺癌约占全部乳腺癌病例的 1%，确诊时分期普遍偏晚。,男性乳腺癌约占全部乳腺癌病例的 1%，确诊时分期普遍偏晚。,KEEP,男性,流行病学事实，且句子本身在破除“乳腺癌只发生于女性”的误解,乳腺癌病例中有一部分确诊时分期偏晚,hard
NEG-0048,N2,二、生理与医学必需,Biologically and Medically Necessary Gender Information,N2.3,2.3 性别特异性器官与疾病,Sex-Specific Organs and Diseases,口语与私人交流,Spoken and Private Communication,none,我爸查出前列腺增生，医生说先吃药观察，不着急做手术。,我爸查出前列腺增生，医生说先吃药观察，不着急做手术。,KEEP,我爸/前列腺,家属转述的诊断,我家人查出相关问题,easy
NEG-0050,N2,二、生理与医学必需,Biologically and Medically Necessary Gender Information,N2.4,2.4 药理与诊疗差异,Pharmacological and Clinical Differences,医疗健康,Medical and Health,none,本品在女性受试者中的血药浓度峰值较男性高约 20%，必要时减量。,本品在女性受试者中的血药浓度峰值较男性高约 20%，必要时减量。,KEEP,女性/男性,药代动力学差异，是用药安全依据,本品在不同人群中的血药浓度存在差异,easy
NEG-0051,N2,二、生理与医学必需,Biologically and Medically Necessary Gender Information,N2.4,2.4 药理与诊疗差异,Pharmacological and Clinical Differences,工程与技术,Engineering and Technology,none,血红蛋白 132 g/L（参考区间：男 130–175，女 115–150）。,血红蛋白 132 g/L（参考区间：男 130–175，女 115–150）。,KEEP,男/女,检验参考区间的标准分层,血红蛋白 132 g/L（参考区间 115–175）,easy
NEG-0052,N2,二、生理与医学必需,Biologically and Medically Necessary Gender Information,N2.4,2.4 药理与诊疗差异,Pharmacological and Clinical Differences,医疗健康,Medical and Health,none,该造影剂哺乳期使用后建议暂停哺乳 24 小时。,该造影剂哺乳期使用后建议暂停哺乳 24 小时。,KEEP,哺乳期,用药禁忌与注意事项,该造影剂使用后建议暂停相关行为 24 小时,easy
NEG-0053,N2,二、生理与医学必需,Biologically and Medically Necessary Gender Information,N2.4,2.4 药理与诊疗差异,Pharmacological and Clinical Differences,公文与规章,Official and Regulatory Text,none,受试者入组时按性别 1:1 分层随机，以保证组间可比。,受试者入组时按性别 1:1 分层随机，以保证组间可比。,KEEP,性别分层随机,试验设计的方法学要求,受试者入组时采用分层随机,easy
NEG-0054,N2,二、生理与医学必需,Biologically and Medically Necessary Gender Information,N2.4,2.4 药理与诊疗差异,Pharmacological and Clinical Differences,医疗健康,Medical and Health,none,同样一杯酒，女性的血液酒精浓度通常高于男性，与体脂比例和代谢酶活性有关。,同样一杯酒，女性的血液酒精浓度通常高于男性，与体脂比例和代谢酶活性有关。,KEEP,女性/男性,生理机制说明,同样一杯酒，不同人的血液酒精浓度存在差异,medium
NEG-0055,N2,二、生理与医学必需,Biologically and Medically Necessary Gender Information,N2.5,2.5 性别确认医疗与性健康,Gender-Affirming Care and Sexual Health,医疗健康,Medical and Health,none,患者接受性别确认激素治疗已 14 个月，本次复查肝功能及血脂。,患者接受性别确认激素治疗已 14 个月，本次复查肝功能及血脂。,KEEP,性别确认激素治疗,治疗方案名称与患者本人的医疗事实,患者接受激素治疗已 14 个月,medium
NEG-0057,N2,二、生理与医学必需,Biologically and Medically Necessary Gender Information,N2.5,2.5 性别确认医疗与性健康,Gender-Affirming Care and Sexual Health,医疗健康,Medical and Health,none,跨性别女性长期使用雌激素者，需定期评估静脉血栓风险。,跨性别女性长期使用雌激素者，需定期评估静脉血栓风险。,KEEP,跨性别女性/雌激素,特定人群的用药监测要求,长期使用相关激素者需定期评估血栓风险,medium
NEG-0058,N2,二、生理与医学必需,Biologically and Medically Necessary Gender Information,N2.5,2.5 性别确认医疗与性健康,Gender-Affirming Care and Sexual Health,医疗健康,Medical and Health,none,男男性行为人群的 HIV 感染风险显著高于一般人群，建议定期检测。,男男性行为人群的 HIV 感染风险显著高于一般人群，建议定期检测。,KEEP,男男性行为人群,流行病学高危人群界定,部分人群的 HIV 感染风险较高，建议定期检测,medium
NEG-0059,N2,二、生理与医学必需,Biologically and Medically Necessary Gender Information,N2.5,2.5 性别确认医疗与性健康,Gender-Affirming Care and Sexual Health,医疗健康,Medical and Health,none,长效可逆避孕方式包括宫内节育器和皮下埋植剂，适用于暂无生育计划的女性。,长效可逆避孕方式包括宫内节育器和皮下埋植剂，适用于暂无生育计划的女性。,KEEP,宫内节育器/女性,避孕方式的适用人群,长效可逆避孕方式适用于暂无生育计划的人群,medium
NEG-0060,N2,二、生理与医学必需,Biologically and Medically Necessary Gender Information,N2.6,2.6 鉴定与研究场景,Identification and Research Contexts,法律与司法,Legal and Judicial,none,根据耻骨联合面形态及骨盆入口指数，推断死者为女性，年龄 30 至 40 岁。,根据耻骨联合面形态及骨盆入口指数，推断死者为女性，年龄 30 至 40 岁。,KEEP,女性,法医学鉴定结论,推断死者年龄为 30 至 40 岁,easy
NEG-0061,N2,二、生理与医学必需,Biologically and Medically Necessary Gender Information,N2.6,2.6 鉴定与研究场景,Identification and Research Contexts,学术与调研,Academic and Research,none,M12 号墓主为男性，随葬品以兵器为主，未见纺织工具。,M12 号墓主为男性，随葬品以兵器为主，未见纺织工具。,KEEP,男性,考古学个体鉴定与随葬品组合分析,M12 号墓主随葬品以兵器为主,easy
NEG-0062,N2,二、生理与医学必需,Biologically and Medically Necessary Gender Information,N2.6,2.6 鉴定与研究场景,Identification and Research Contexts,学术与调研,Academic and Research,none,本研究对 12 万名受试者按性别分层，分别估计吸烟与肺癌的关联强度。,本研究对 12 万名受试者按性别分层，分别估计吸烟与肺癌的关联强度。,KEEP,性别分层,研究方法学,本研究对 12 万名受试者进行了分层分析,easy
NEG-0063,N2,二、生理与医学必需,Biologically and Medically Necessary Gender Information,N2.6,2.6 鉴定与研究场景,Identification and Research Contexts,新闻报道,News Reporting,none,DNA 比对已确认，遇难的五人中包含两名女性和一名未成年人。,DNA 比对已确认，遇难的五人中包含两名女性和一名未成年人。,KEEP,女性,事故通报中的遇难者构成,DNA 比对已确认遇难者共五人,easy
NEG-0064,N2,二、生理与医学必需,Biologically and Medically Necessary Gender Information,N2.6,2.6 鉴定与研究场景,Identification and Research Contexts,学术与调研,Academic and Research,none,体质人类学常用颅骨眉弓隆起与乳突大小辅助判断个体性别。,体质人类学常用颅骨眉弓隆起与乳突大小辅助判断个体性别。,KEEP,个体性别,学科方法介绍,体质人类学常用颅骨特征辅助个体识别,easy
NEG-0065,N3,三、制度性与统计性区分,Institutionally or Statistically Necessary Gender Distinctions,N3.1,3.1 法律与行政身份,Legal and Administrative Status,公文与规章,Official and Regulatory Text,none,请依次填写姓名、性别、出生日期及身份证号码。,请依次填写姓名、性别、出生日期及身份证号码。,KEEP,性别,法定登记项目,请依次填写姓名、出生日期及身份证号码,easy
NEG-0066,N3,三、制度性与统计性区分,Institutionally or Statistically Necessary Gender Distinctions,N3.1,3.1 法律与行政身份,Legal and Administrative Status,法律与司法,Legal and Judicial,none,原告与被告于 2015 年登记结婚，婚生女现年七岁，判决随母生活。,原告与被告于 2015 年登记结婚，婚生女现年七岁，判决随母生活。,KEEP,婚生女/母,抚养权判决的事实与主文,婚生子女现年七岁，判决随一方生活,easy
NEG-0067,N3,三、制度性与统计性区分,Institutionally or Statistically Necessary Gender Distinctions,N3.1,3.1 法律与行政身份,Legal and Administrative Status,公文与规章,Official and Regulatory Text,none,该同事已完成法律性别变更登记，请各业务系统于本周内同步更新。,该同事已完成法律性别变更登记，请各业务系统于本周内同步更新。,KEEP,法律性别变更,行政程序名称，且该表述本身即是包容做法,该同事已完成信息变更登记,medium
NEG-0068,N3,三、制度性与统计性区分,Institutionally or Statistically Necessary Gender Distinctions,N3.1,3.1 法律与行政身份,Legal and Administrative Status,公文与规章,Official and Regulatory Text,none,护照资料页包含持照人姓名、性别、国籍、出生日期及签发机关。,护照资料页包含持照人姓名、性别、国籍、出生日期及签发机关。,KEEP,性别,证件规范内容,护照资料页包含持照人基本信息及签发机关,easy
NEG-0069,N3,三、制度性与统计性区分,Institutionally or Statistically Necessary Gender Distinctions,N3.1,3.1 法律与行政身份,Legal and Administrative Status,公文与规章,Official and Regulatory Text,none,户主之妻王某某，1978 年生，务农，1996 年迁入本户。,户主之妻王某某，1978 年生，务农，1996 年迁入本户。,KEEP,之妻,户籍关系登记,户主之配偶王某某，1978 年生,medium
NEG-0070,N3,三、制度性与统计性区分,Institutionally or Statistically Necessary Gender Distinctions,N3.1,3.1 法律与行政身份,Legal and Administrative Status,公文与规章,Official and Regulatory Text,none,非婚生子女与婚生子女享有同等权利，生母生父均负有抚养义务。,非婚生子女与婚生子女享有同等权利，生母生父均负有抚养义务。,KEEP,生母/生父,法定义务主体的完整表述,父母均负有抚养义务,medium
NEG-0071,N3,三、制度性与统计性区分,Institutionally or Statistically Necessary Gender Distinctions,N3.2,3.2 劳动与社会保障,Employment and Social Security,公文与规章,Official and Regulatory Text,none,女职工在哺乳期内，用人单位不得延长其劳动时间或者安排夜班劳动。,女职工在哺乳期内，用人单位不得延长其劳动时间或者安排夜班劳动。,KEEP,女职工/哺乳期,劳动保护条款的法定适用对象,职工在哺乳期内不得被安排夜班劳动,medium
NEG-0073,N3,三、制度性与统计性区分,Institutionally or Statistically Necessary Gender Distinctions,N3.2,3.2 劳动与社会保障,Employment and Social Security,公文与规章,Official and Regulatory Text,none,生育津贴申领需提供出生医学证明和女方的连续参保记录。,生育津贴申领需提供出生医学证明和女方的连续参保记录。,KEEP,女方,经办规则中的材料要求,生育津贴申领需提供出生医学证明和参保记录,medium
NEG-0074,N3,三、制度性与统计性区分,Institutionally or Statistically Necessary Gender Distinctions,N3.2,3.2 劳动与社会保障,Employment and Social Security,新闻报道,News Reporting,none,延迟退休方案对女性干部与女性工人的起算年龄作了区分。,延迟退休方案对女性干部与女性工人的起算年龄作了区分。,KEEP,女性干部/女性工人,现行制度的准确转述,延迟退休方案对不同岗位的起算年龄作了区分,medium
NEG-0075,N3,三、制度性与统计性区分,Institutionally or Statistically Necessary Gender Distinctions,N3.2,3.2 劳动与社会保障,Employment and Social Security,公文与规章,Official and Regulatory Text,none,孕期同事可申请调整为不含夜班的排班，请提前将产检证明提交至人事。,孕期同事可申请调整为不含夜班的排班，请提前将产检证明提交至人事。,KEEP,孕期/产检,内部政策的适用条件,有需要的同事可申请调整排班,medium
NEG-0076,N3,三、制度性与统计性区分,Institutionally or Statistically Necessary Gender Distinctions,N3.3,3.3 体育竞技分级,Sports Classification,新闻报道,News Reporting,none,女子 100 米栏半决赛将于今晚八点在主体育场进行。,女子 100 米栏半决赛将于今晚八点在主体育场进行。,KEEP,女子,竞赛项目正式分级名称,100 米栏半决赛将于今晚八点进行,easy
NEG-0078,N3,三、制度性与统计性区分,Institutionally or Statistically Necessary Gender Distinctions,N3.3,3.3 体育竞技分级,Sports Classification,公文与规章,Official and Regulatory Text,none,本项目按体重分级，男子组设 8 个级别，女子组设 7 个级别。,本项目按体重分级，男子组设 8 个级别，女子组设 7 个级别。,KEEP,男子组/女子组,规程条文,本项目按体重分级，共设 15 个级别,easy
NEG-0080,N3,三、制度性与统计性区分,Institutionally or Statistically Necessary Gender Distinctions,N3.3,3.3 体育竞技分级,Sports Classification,商业与产品,Business and Product,none,该项目世界纪录男女分列，女子组纪录已保持 14 年。,该项目世界纪录男女分列，女子组纪录已保持 14 年。,KEEP,男女分列/女子组,纪录统计口径,该项目世界纪录已保持 14 年,easy
NEG-0084,N3,三、制度性与统计性区分,Institutionally or Statistically Necessary Gender Distinctions,N3.4,3.4 空间与设施,Spaces and Facilities,公文与规章,Official and Regulatory Text,none,女性在押人员的看管和人身检查，应当由女性民警实施。,女性在押人员的看管和人身检查，应当由女性民警实施。,KEEP,女性在押人员/女性民警,监所管理的法定要求,在押人员的看管和人身检查由民警实施,easy
NEG-0085,N3,三、制度性与统计性区分,Institutionally or Statistically Necessary Gender Distinctions,N3.4,3.4 空间与设施,Spaces and Facilities,公文与规章,Official and Regulatory Text,none,本校为女子中学，创办于 1904 年，是本市历史最悠久的中学之一。,本校为女子中学，创办于 1904 年，是本市历史最悠久的中学之一。,KEEP,女子中学,学校性质与专名,本校创办于 1904 年，是本市历史最悠久的中学之一,easy
NEG-0086,N3,三、制度性与统计性区分,Institutionally or Statistically Necessary Gender Distinctions,N3.5,3.5 统计、监测与研究,"Statistics, Monitoring, and Research",学术与调研,Academic and Research,none,年末全国人口中，男性 72034 万人，女性 68935 万人。,年末全国人口中，男性 72034 万人，女性 68935 万人。,KEEP,男性/女性,人口统计基础数据,年末全国人口共 140969 万人,easy
NEG-0087,N3,三、制度性与统计性区分,Institutionally or Statistically Necessary Gender Distinctions,N3.5,3.5 统计、监测与研究,"Statistics, Monitoring, and Research",学术与调研,Academic and Research,none,该行业女性从业者占比 61%，但管理层中女性仅占 23%。,该行业女性从业者占比 61%，但管理层中女性仅占 23%。,KEEP,女性,职业性别隔离的量化描述，是报告论点所在,该行业从业者与管理层的构成存在落差,hard
NEG-0088,N3,三、制度性与统计性区分,Institutionally or Statistically Necessary Gender Distinctions,N3.5,3.5 统计、监测与研究,"Statistics, Monitoring, and Research",学术与调研,Academic and Research,none,在控制年龄与受教育程度后，性别对晋升概率仍具有显著影响。,在控制年龄与受教育程度后，性别对晋升概率仍具有显著影响。,KEEP,性别,回归分析中的自变量,在控制年龄与受教育程度后，个体特征仍具有显著影响,medium
NEG-0089,N3,三、制度性与统计性区分,Institutionally or Statistically Necessary Gender Distinctions,N3.5,3.5 统计、监测与研究,"Statistics, Monitoring, and Research",医疗健康,Medical and Health,none,我国成年男性吸烟率约为女性的 20 倍。,我国成年男性吸烟率约为女性的 20 倍。,KEEP,男性/女性,健康行为的性别差异数据,我国成年人吸烟率存在群体差异,easy
NEG-0090,N3,三、制度性与统计性区分,Institutionally or Statistically Necessary Gender Distinctions,N3.5,3.5 统计、监测与研究,"Statistics, Monitoring, and Research",学术与调研,Academic and Research,none,近十年普通高校在校生中女生比例持续超过 50%。,近十年普通高校在校生中女生比例持续超过 50%。,KEEP,女生比例,教育统计指标,近十年普通高校在校生结构持续变化,easy
NEG-0091,N3,三、制度性与统计性区分,Institutionally or Statistically Necessary Gender Distinctions,N3.5,3.5 统计、监测与研究,"Statistics, Monitoring, and Research",学术与调研,Academic and Research,none,本次调查回收有效问卷 1200 份，男性 560 份、女性 632 份、其他 8 份。,本次调查回收有效问卷 1200 份，男性 560 份、女性 632 份、其他 8 份。,KEEP,男性/女性/其他,样本构成披露，且选项已含非二元项,本次调查回收有效问卷 1200 份,medium
NEG-0092,N3,三、制度性与统计性区分,Institutionally or Statistically Necessary Gender Distinctions,N3.6,3.6 平权、保护与专项服务,"Equality, Protection, and Targeted Services",公文与规章,Official and Regulatory Text,none,上市公司应在年度报告中披露董事会成员的性别构成情况。,上市公司应在年度报告中披露董事会成员的性别构成情况。,KEEP,性别构成,信息披露的法定项目,上市公司应披露董事会成员的构成情况,medium
NEG-0093,N3,三、制度性与统计性区分,Institutionally or Statistically Necessary Gender Distinctions,N3.6,3.6 平权、保护与专项服务,"Equality, Protection, and Targeted Services",公文与规章,Official and Regulatory Text,none,12338 妇女维权公益服务热线已实现全国统一接入。,12338 妇女维权公益服务热线已实现全国统一接入。,KEEP,妇女维权,服务名称与服务对象,公益维权服务热线已实现全国统一接入,easy
NEG-0094,N3,三、制度性与统计性区分,Institutionally or Statistically Necessary Gender Distinctions,N3.6,3.6 平权、保护与专项服务,"Equality, Protection, and Targeted Services",新闻报道,News Reporting,none,该计划每年资助 20 名 45 岁以下女性科研人员开展独立研究。,该计划每年资助 20 名 45 岁以下女性科研人员开展独立研究。,KEEP,女性科研人员,资助资格条件,该计划每年资助 20 名 45 岁以下科研人员,hard
NEG-0095,N3,三、制度性与统计性区分,Institutionally or Statistically Necessary Gender Distinctions,N3.6,3.6 平权、保护与专项服务,"Equality, Protection, and Targeted Services",公文与规章,Official and Regulatory Text,none,本机构今年新设男性受害人临时安置床位 6 张。,本机构今年新设男性受害人临时安置床位 6 张。,KEEP,男性受害人,针对被忽视群体的服务扩展,本机构今年新设临时安置床位 6 张,hard
NEG-0098,N3,三、制度性与统计性区分,Institutionally or Statistically Necessary Gender Distinctions,N3.7,3.7 宗教与文化传统实践,Religious and Cultural Practices,新闻报道,News Reporting,none,该教派于 1994 年起允许女性担任神职，此前已争论近三十年。,该教派于 1994 年起允许女性担任神职，此前已争论近三十年。,KEEP,女性,制度变迁的事实报道,该教派于 1994 年放宽了神职任职资格,medium
NEG-0099,N3,三、制度性与统计性区分,Institutionally or Statistically Necessary Gender Distinctions,N3.7,3.7 宗教与文化传统实践,Religious and Cultural Practices,学术与调研,Academic and Research,none,该族群的成年礼分男女两套仪式，内容与时长均不相同。,该族群的成年礼分男女两套仪式，内容与时长均不相同。,KEEP,男女两套仪式,田野观察记录,该族群的成年礼分为两套仪式,easy
NEG-0100,N3,三、制度性与统计性区分,Institutionally or Statistically Necessary Gender Distinctions,N3.7,3.7 宗教与文化传统实践,Religious and Cultural Practices,商业与产品,Business and Product,none,这套礼服为女式，男式在纹样密度和下摆长度上有明显区别。,这套礼服为女式，男式在纹样密度和下摆长度上有明显区别。,KEEP,女式/男式,形制分类的既有名称,这套礼服在纹样密度和下摆长度上有多种形制,medium
NEG-0101,N3,三、制度性与统计性区分,Institutionally or Statistically Necessary Gender Distinctions,N3.7,3.7 宗教与文化传统实践,Religious and Cultural Practices,学术与调研,Academic and Research,none,旧时祠堂议事设男女分席，两侧廊庑至今保留着当时的格局。,旧时祠堂议事设男女分席，两侧廊庑至今保留着当时的格局。,KEEP,男女分席,历史空间制度的说明,旧时祠堂议事分席而坐,easy
NEG-0102,N4,四、专有名词与固定名称,Proper Names and Fixed Designations,N4.1,4.1 法律法规,Laws and Regulations,新闻报道,News Reporting,none,《妇女权益保障法》修订后新增了对职场性骚扰的防治条款。,《妇女权益保障法》修订后新增了对职场性骚扰的防治条款。,KEEP,妇女权益保障法,法律正式名称,《权益保障法》修订后新增了相关条款,easy
NEG-0103,N4,四、专有名词与固定名称,Proper Names and Fixed Designations,N4.1,4.1 法律法规,Laws and Regulations,公文与规章,Official and Regulatory Text,none,《女职工劳动保护特别规定》附录列明了女职工禁忌从事的劳动范围。,《女职工劳动保护特别规定》附录列明了女职工禁忌从事的劳动范围。,KEEP,女职工,行政法规名称及其条文内容,《职工劳动保护特别规定》列明了禁忌劳动范围,easy
NEG-0104,N4,四、专有名词与固定名称,Proper Names and Fixed Designations,N4.1,4.1 法律法规,Laws and Regulations,学术与调研,Academic and Research,none,我国于 1980 年批准加入《消除对妇女一切形式歧视公约》。,我国于 1980 年批准加入《消除对妇女一切形式歧视公约》。,KEEP,妇女,国际条约正式名称,我国于 1980 年批准加入相关反歧视公约,easy
NEG-0105,N4,四、专有名词与固定名称,Proper Names and Fixed Designations,N4.1,4.1 法律法规,Laws and Regulations,公文与规章,Official and Regulatory Text,none,《母婴保健法》对婚前医学检查和孕产期保健作了专门规定。,《母婴保健法》对婚前医学检查和孕产期保健作了专门规定。,KEEP,母婴保健法,法律正式名称,《健康保障法》对相关检查作了专门规定,easy
NEG-0106,N4,四、专有名词与固定名称,Proper Names and Fixed Designations,N4.2,4.2 机构、组织与场所,"Institutions, Organizations, and Venues",医疗健康,Medical and Health,none,北京妇产医院的产科门诊需提前七天在小程序上预约。,北京妇产医院的产科门诊需提前七天在小程序上预约。,KEEP,妇产医院/产科,机构与科室法定名称,该专科医院的门诊需提前七天预约,easy
NEG-0107,N4,四、专有名词与固定名称,Proper Names and Fixed Designations,N4.2,4.2 机构、组织与场所,"Institutions, Organizations, and Venues",新闻报道,News Reporting,none,中国女足在小组赛末轮以两球取胜，提前锁定出线名额。,中国女足在小组赛末轮以两球取胜，提前锁定出线名额。,KEEP,女足,队伍正式名称,中国足球队在小组赛末轮取胜,easy
NEG-0108,N4,四、专有名词与固定名称,Proper Names and Fixed Designations,N4.2,4.2 机构、组织与场所,"Institutions, Organizations, and Venues",新闻报道,News Reporting,none,全国妇联联合教育部等部门发布了家庭教育指导意见。,全国妇联联合教育部等部门发布了家庭教育指导意见。,KEEP,全国妇联,机构法定简称,相关联合会与教育部等部门发布了指导意见,easy
NEG-0109,N4,四、专有名词与固定名称,Proper Names and Fixed Designations,N4.2,4.2 机构、组织与场所,"Institutions, Organizations, and Venues",新闻报道,News Reporting,none,市第一女子中学与两所公办初中组建了教育集团。,市第一女子中学与两所公办初中组建了教育集团。,KEEP,女子中学,学校法定名称,市第一中学与两所公办初中组建了教育集团,easy
NEG-0113,N4,四、专有名词与固定名称,Proper Names and Fixed Designations,N4.3,4.3 奖项、荣誉与称号,"Awards, Honors, and Titles",新闻报道,News Reporting,none,该团队获颁本年度中国青年女科学家团队奖。,该团队获颁本年度中国青年女科学家团队奖。,KEEP,女科学家,奖项正式名称,该团队获颁本年度中国青年科学家团队奖,easy
NEG-0114,N4,四、专有名词与固定名称,Proper Names and Fixed Designations,N4.4,4.4 节日与纪念日,Festivals and Commemorative Days,公文与规章,Official and Regulatory Text,none,三八国际妇女节当天，全市多家博物馆对女性观众免费开放。,三八国际妇女节当天，全市多家博物馆对女性观众免费开放。,KEEP,妇女节/女性观众,节日名称与活动规则,国际劳动节当天，全市多家博物馆免费开放,easy
NEG-0115,N4,四、专有名词与固定名称,Proper Names and Fixed Designations,N4.4,4.4 节日与纪念日,Festivals and Commemorative Days,商业与产品,Business and Product,none,母亲节前一周，鲜花订单量环比上涨四成。,母亲节前一周，鲜花订单量环比上涨四成。,KEEP,母亲节,节日名称,节日前一周，鲜花订单量环比上涨四成,easy
NEG-0116,N4,四、专有名词与固定名称,Proper Names and Fixed Designations,N4.4,4.4 节日与纪念日,Festivals and Commemorative Days,社交与社区,Social and Community,none,11 月 25 日是消除对妇女暴力国际日，今年主题聚焦数字空间的性别暴力。,11 月 25 日是消除对妇女暴力国际日，今年主题聚焦数字空间的性别暴力。,KEEP,妇女/性别暴力,纪念日名称与年度主题,11 月 25 日是消除暴力国际日，今年主题聚焦数字空间,easy
NEG-0117,N4,四、专有名词与固定名称,Proper Names and Fixed Designations,N4.4,4.4 节日与纪念日,Festivals and Commemorative Days,商业与产品,Business and Product,none,父亲节的礼品搜索量近三年增速已超过母亲节。,父亲节的礼品搜索量近三年增速已超过母亲节。,KEEP,父亲节/母亲节,节日名称与对比数据,两个节日的礼品搜索量近三年增速不同,easy
NEG-0119,N4,四、专有名词与固定名称,Proper Names and Fixed Designations,N4.5,4.5 作品名与文化产品,Work Titles and Cultural Products,文艺创作与评论,Literary and Cultural Writing,none,《大明宫词》至今仍被视为国产剧中女性视角叙事的代表作。,《大明宫词》至今仍被视为国产剧中女性视角叙事的代表作。,KEEP,女性视角,剧名与评论中的分析术语,该剧至今仍被视为国产剧叙事的代表作,medium
NEG-0120,N4,四、专有名词与固定名称,Proper Names and Fixed Designations,N4.5,4.5 作品名与文化产品,Work Titles and Cultural Products,商业与产品,Business and Product,none,《女人花》是梅艳芳流传最广的作品之一。,《女人花》是梅艳芳流传最广的作品之一。,KEEP,女人花,歌曲名,该曲是梅艳芳流传最广的作品之一,easy
NEG-0121,N4,四、专有名词与固定名称,Proper Names and Fixed Designations,N4.5,4.5 作品名与文化产品,Work Titles and Cultural Products,新闻报道,News Reporting,none,《一个女人的史诗》改编自严歌苓的同名小说。,《一个女人的史诗》改编自严歌苓的同名小说。,KEEP,一个女人的史诗,作品名,该剧改编自严歌苓的同名小说,easy
NEG-0122,N4,四、专有名词与固定名称,Proper Names and Fixed Designations,N4.6,4.6 历史与制度术语,Historical and Institutional Terms,医疗健康,Medical and Health,none,科举时代的“男丁”须承担徭役，女性不列入丁口。,科举时代的“男丁”须承担徭役，女性不列入丁口。,KEEP,男丁/丁口,历史制度术语,科举时代的成年人须承担徭役,easy
NEG-0123,N4,四、专有名词与固定名称,Proper Names and Fixed Designations,N4.6,4.6 历史与制度术语,Historical and Institutional Terms,学术与调研,Academic and Research,none,缠足的废止过程与清末新式女学的兴起大体同步。,缠足的废止过程与清末新式女学的兴起大体同步。,KEEP,缠足/女学,历史事物与制度名称,该习俗的废止与清末新式教育的兴起同步,easy
NEG-0124,N4,四、专有名词与固定名称,Proper Names and Fixed Designations,N4.6,4.6 历史与制度术语,Historical and Institutional Terms,医疗健康,Medical and Health,none,唐代命妇的封号通常与其夫或子的官阶挂钩。,唐代命妇的封号通常与其夫或子的官阶挂钩。,KEEP,命妇/夫/子,历史制度术语及其运作方式,唐代相关封号通常与家人的官阶挂钩,easy
NEG-0125,N4,四、专有名词与固定名称,Proper Names and Fixed Designations,N4.6,4.6 历史与制度术语,Historical and Institutional Terms,学术与调研,Academic and Research,none,童养媳现象在本地部分乡村延续至上世纪五十年代初。,童养媳现象在本地部分乡村延续至上世纪五十年代初。,KEEP,童养媳,历史制度名称,早婚现象在本地部分乡村延续至五十年代初,easy
NEG-0126,N4,四、专有名词与固定名称,Proper Names and Fixed Designations,N4.7,4.7 学术与批判性概念,Academic and Critical Concepts,学术与调研,Academic and Research,none,“玻璃悬崖”指女性更容易在组织陷入危机时被推上高位。,“玻璃悬崖”指女性更容易在组织陷入危机时被推上高位。,KEEP,玻璃悬崖/女性,术语的标准定义，删去性别则定义失效,该概念指人们更容易在组织危机时被推上高位,hard
NEG-0128,N4,四、专有名词与固定名称,Proper Names and Fixed Designations,N4.7,4.7 学术与批判性概念,Academic and Critical Concepts,学术与调研,Academic and Research,none,本文在“男性凝视”的框架下重新解读了这批海报的构图逻辑。,本文在“男性凝视”的框架下重新解读了这批海报的构图逻辑。,KEEP,男性凝视,分析工具，非作者立场,本文在“观看视角”的框架下解读了这批海报,medium
NEG-0129,N4,四、专有名词与固定名称,Proper Names and Fixed Designations,N4.7,4.7 学术与批判性概念,Academic and Critical Concepts,商业与产品,Business and Product,none,“粉红税”指同类商品的女性版本定价普遍偏高的现象。,“粉红税”指同类商品的女性版本定价普遍偏高的现象。,KEEP,粉红税/女性版本,术语定义,该现象指同类商品的不同版本定价存在差异,hard
NEG-0130,N4,四、专有名词与固定名称,Proper Names and Fixed Designations,N4.8,4.8 品牌、产品与商业名称,"Brands, Products, and Commercial Names",新闻报道,News Reporting,none,该品牌女装线与男装线的版型开发团队是分开的。,该品牌女装线与男装线的版型开发团队是分开的。,KEEP,女装线/男装线,产品线的既有名称,该品牌不同产品线的版型开发团队是分开的,medium
NEG-0132,N4,四、专有名词与固定名称,Proper Names and Fixed Designations,N4.8,4.8 品牌、产品与商业名称,"Brands, Products, and Commercial Names",商业与产品,Business and Product,none,“她经济”已成为近三年消费类研报中的高频词。,“她经济”已成为近三年消费类研报中的高频词。,KEEP,她经济,术语名称,消费类研报中出现了新的高频词,easy
NEG-0133,N4,四、专有名词与固定名称,Proper Names and Fixed Designations,N4.8,4.8 品牌、产品与商业名称,"Brands, Products, and Commercial Names",商业与产品,Business and Product,none,这款香水分男士版与女士版，前调差别较大，建议先试香。,这款香水分男士版与女士版，前调差别较大，建议先试香。,KEEP,男士版/女士版,商品分类的既有名称,这款香水有两个版本，前调差别较大,medium
NEG-0134,N5,五、引用与转述,Quotations and Reported Speech,N5.1,5.1 直接引语,Direct Quotations,新闻报道,News Reporting,none,他在电话里说：“家里女人多，事就多。”记者随后追问了这句话的含义。,他在电话里说：“家里女人多，事就多。”记者随后追问了这句话的含义。,KEEP,女人,直接引语属证据材料,他在电话里表达了对家庭事务繁多的抱怨,hard
NEG-0135,N5,五、引用与转述,Quotations and Reported Speech,N5.1,5.1 直接引语,Direct Quotations,法律与司法,Legal and Judicial,none,被告人当庭表示：“我当时想她一个女的，不会真去报警。”,被告人当庭表示：“我当时想她一个女的，不会真去报警。”,KEEP,她/女的,供述原文是定罪量刑的事实依据,被告人当庭表示其低估了被害人的应对能力,hard
NEG-0136,N5,五、引用与转述,Quotations and Reported Speech,N5.1,5.1 直接引语,Direct Quotations,文艺创作与评论,Literary and Cultural Writing,none,有代表提出：“一线岗位不适合招女生。”该意见未被会议采纳。,有代表提出：“一线岗位不适合招女生。”该意见未被会议采纳。,KEEP,女生,记录原话，且后半句已表明立场,有代表提出了限制性招聘意见，未被会议采纳,hard
NEG-0137,N5,五、引用与转述,Quotations and Reported Speech,N5.1,5.1 直接引语,Direct Quotations,新闻报道,News Reporting,none,老人反复说着同一句话：“我这辈子就盼着我闺女能上大学。”,老人反复说着同一句话：“我这辈子就盼着我闺女能上大学。”,KEEP,闺女,受访者原话,老人反复表达着对子女教育的期盼,medium
NEG-0138,N5,五、引用与转述,Quotations and Reported Speech,N5.1,5.1 直接引语,Direct Quotations,文艺创作与评论,Literary and Cultural Writing,none,嘉宾说：“我妈那一代人，是没有'职业选择'这个概念的。”,嘉宾说：“我妈那一代人，是没有'职业选择'这个概念的。”,KEEP,我妈,逐字稿，不得改口,嘉宾说：上一代人没有职业选择的概念,medium
NEG-0139,N5,五、引用与转述,Quotations and Reported Speech,N5.2,5.2 文献与史料,Documents and Historical Sources,学术与调研,Academic and Research,none,《礼记》“男女七岁不同席”一语，常被后世引作分隔依据。,《礼记》“男女七岁不同席”一语，常被后世引作分隔依据。,KEEP,男女七岁不同席,经典原文，可加注不可改,《礼记》中有关于分隔的记载，常被后世引用,easy
NEG-0140,N5,五、引用与转述,Quotations and Reported Speech,N5.2,5.2 文献与史料,Documents and Historical Sources,学术与调研,Academic and Research,none,碑文记：“孝女某氏，庐墓三年，乡人称之。”,碑文记：“孝女某氏，庐墓三年，乡人称之。”,KEEP,孝女,金石文献释文,碑文记载了一位孝子庐墓三年之事,easy
NEG-0141,N5,五、引用与转述,Quotations and Reported Speech,N5.2,5.2 文献与史料,Documents and Historical Sources,新闻报道,News Reporting,none,1919 年该报社论提出“女子亦当有职业”，在当时颇为激进。,1919 年该报社论提出“女子亦当有职业”，在当时颇为激进。,KEEP,女子,历史文本引用，且原文本身是进步主张,1919 年该报社论提出了就业主张，在当时颇为激进,medium
NEG-0142,N5,五、引用与转述,Quotations and Reported Speech,N5.2,5.2 文献与史料,Documents and Historical Sources,学术与调研,Academic and Research,none,族谱凡例注明：“女不入谱。”这一体例在民国以后陆续被打破。,族谱凡例注明：“女不入谱。”这一体例在民国以后陆续被打破。,KEEP,女不入谱,史料原文，且后句即在批判它,族谱凡例存在收录限制，这一体例后被打破,hard
NEG-0144,N5,五、引用与转述,Quotations and Reported Speech,N5.3,5.3 法律与官方文书原件,Original Legal and Official Documents,法律与司法,Legal and Judicial,none,判决书载明：“被告人系哺乳期妇女，依法不予收监。”,判决书载明：“被告人系哺乳期妇女，依法不予收监。”,KEEP,哺乳期妇女,文书原文，且该事实是适用条款的前提,判决书载明被告人依法不予收监,easy
NEG-0145,N5,五、引用与转述,Quotations and Reported Speech,N5.3,5.3 法律与官方文书原件,Original Legal and Official Documents,法律与司法,Legal and Judicial,none,1950 年《婚姻法》第一条为：“废除包办强迫、男尊女卑……的封建主义婚姻制度。”,1950 年《婚姻法》第一条为：“废除包办强迫、男尊女卑……的封建主义婚姻制度。”,KEEP,男尊女卑,法条原文引用,1950 年《婚姻法》第一条规定废除封建主义婚姻制度,medium
NEG-0146,N5,五、引用与转述,Quotations and Reported Speech,N5.3,5.3 法律与官方文书原件,Original Legal and Official Documents,法律与司法,Legal and Judicial,none,公证书记载：“申请人之妻李某某自愿放弃继承权。”,公证书记载：“申请人之妻李某某自愿放弃继承权。”,KEEP,之妻,公证文书原文,公证书记载申请人配偶自愿放弃继承权,medium
NEG-0147,N5,五、引用与转述,Quotations and Reported Speech,N5.3,5.3 法律与官方文书原件,Original Legal and Official Documents,法律与司法,Legal and Judicial,none,决定书引用的招聘广告原文为：“仅限男性，25 岁以下。”,决定书引用的招聘广告原文为：“仅限男性，25 岁以下。”,KEEP,仅限男性,举证式引用，删去则处罚无依据,决定书引用的招聘广告存在不当限制,hard
NEG-0148,N5,五、引用与转述,Quotations and Reported Speech,N5.3,5.3 法律与官方文书原件,Original Legal and Official Documents,公文与规章,Official and Regulatory Text,none,章程第十二条：“理事会中女性成员不得少于三分之一。”,章程第十二条：“理事会中女性成员不得少于三分之一。”,KEEP,女性成员,章程条文原文，且是积极行动条款,章程规定理事会构成应保持多元,medium
NEG-0149,N5,五、引用与转述,Quotations and Reported Speech,N5.4,5.4 研究与调查材料,Research and Survey Materials,学术与调研,Academic and Research,none,Q1 您的性别：①男 ②女 ③非二元 ④不愿透露,Q1 您的性别：①男 ②女 ③非二元 ④不愿透露,KEEP,男/女/非二元,题干与选项原样呈现是方法学披露要求,Q1 您的性别：（请填写）,medium
NEG-0150,N5,五、引用与转述,Quotations and Reported Speech,N5.4,5.4 研究与调查材料,Research and Survey Materials,学术与调研,Academic and Research,none,条目 7：“男人应当是家庭的主要经济支柱。”（1＝完全不同意，5＝完全同意）,条目 7：“男人应当是家庭的主要经济支柱。”（1＝完全不同意，5＝完全同意）,KEEP,男人,量表条目原文，改写将使测量失效,条目 7：“家庭应有主要经济支柱。”,hard
NEG-0151,N5,五、引用与转述,Quotations and Reported Speech,N5.4,5.4 研究与调查材料,Research and Survey Materials,学术与调研,Academic and Research,none,受访者 A03：“我婆婆讲，女人嘛，忍一忍就过去了。”,受访者 A03：“我婆婆讲，女人嘛，忍一忍就过去了。”,KEEP,婆婆/女人,转录稿属原始数据,受访者 A03 表示长辈劝其忍让,hard
NEG-0152,N5,五、引用与转述,Quotations and Reported Speech,N5.4,5.4 研究与调查材料,Research and Survey Materials,学术与调研,Academic and Research,none,编码表将“女性受访者”记为 F，“男性受访者”记为 M。,编码表将“女性受访者”记为 F，“男性受访者”记为 M。,KEEP,女性/男性,编码规则说明,编码表将受访者按类别记为 F 与 M,easy
NEG-0154,N5,五、引用与转述,Quotations and Reported Speech,N5.5,5.5 批判性转述与举例,Critical Reporting and Illustrative Examples,学术与调研,Academic and Research,none,“干得好不如嫁得好”这类说法，本质上否定了女性劳动的价值。,“干得好不如嫁得好”这类说法，本质上否定了女性劳动的价值。,KEEP,干得好不如嫁得好/女性,转述以批判之，非持有该观点,这类说法本质上否定了劳动的价值,hard
NEG-0155,N5,五、引用与转述,Quotations and Reported Speech,N5.5,5.5 批判性转述与举例,Critical Reporting and Illustrative Examples,学术与调研,Academic and Research,none,教材给出的病句示例为：“每位读者都要爱护他的图书证。”,教材给出的病句示例为：“每位读者都要爱护他的图书证。”,KEEP,他,反面例句即教学材料本身,教材给出的病句示例为：“每位读者都要爱护自己的图书证。”,hard
NEG-0156,N5,五、引用与转述,Quotations and Reported Speech,N5.5,5.5 批判性转述与举例,Critical Reporting and Illustrative Examples,公文与规章,Official and Regulatory Text,none,本次清理的违规文案包括“女司机勿扰”“只招男生”等表述。,本次清理的违规文案包括“女司机勿扰”“只招男生”等表述。,KEEP,女司机/只招男生,违规样本的必要列举,本次清理了若干含歧视表述的违规文案,hard
NEG-0157,N5,五、引用与转述,Quotations and Reported Speech,N5.5,5.5 批判性转述与举例,Critical Reporting and Illustrative Examples,学术与调研,Academic and Research,none,调查显示，“女生天生不适合编程”仍是中学生中较常见的看法。,调查显示，“女生天生不适合编程”仍是中学生中较常见的看法。,KEEP,女生,转述被调查者的观念分布,调查显示，学科能力偏见在中学生中仍较常见,hard
NEG-0158,N5,五、引用与转述,Quotations and Reported Speech,N5.5,5.5 批判性转述与举例,Critical Reporting and Illustrative Examples,公文与规章,Official and Regulatory Text,none,该广告因使用“做女人挺好”的双关语被要求整改。,该广告因使用“做女人挺好”的双关语被要求整改。,KEEP,做女人挺好,被处罚对象的原文,该广告因使用不当双关语被要求整改,medium
NEG-0160,N5,五、引用与转述,Quotations and Reported Speech,N5.6,5.6 二手转述与新闻报道,Secondary Reporting and News Coverage,新闻报道,News Reporting,none,多名家长反映，班主任在家长会上说“男孩后劲足，女孩现在好没用”。,多名家长反映，班主任在家长会上说“男孩后劲足，女孩现在好没用”。,KEEP,男孩/女孩,家长转述的原话，是事件本身,多名家长反映班主任发表了不当言论,hard
NEG-0161,N5,五、引用与转述,Quotations and Reported Speech,N5.6,5.6 二手转述与新闻报道,Secondary Reporting and News Coverage,公文与规章,Official and Regulatory Text,none,通报称，涉事教师在课堂上多次使用侮辱女生的言辞。,通报称，涉事教师在课堂上多次使用侮辱女生的言辞。,KEEP,女生,通报中对违规事实的认定,通报称涉事教师在课堂上多次使用侮辱性言辞,medium
NEG-0162,N5,五、引用与转述,Quotations and Reported Speech,N5.6,5.6 二手转述与新闻报道,Secondary Reporting and News Coverage,新闻报道,News Reporting,none,报道援引内部邮件：“这个岗位还是招个男生稳妥。”,报道援引内部邮件：“这个岗位还是招个男生稳妥。”,KEEP,男生,邮件原文引述,报道援引内部邮件称该岗位有招聘倾向,hard
NEG-0164,N6,六、自我认同与自称,Self-Identification and Self-Reference,N6.1,6.1 自我描述的性别标签,Self-Described Gender Labels,社交与社区,Social and Community,none,我是个女生，也是全组唯一会开叉车的人。,我是个女生，也是全组唯一会开叉车的人。,KEEP,女生,当事人自述，且句子本身在打破预期,我是全组唯一会开叉车的人,hard
NEG-0165,N6,六、自我认同与自称,Self-Identification and Self-Reference,N6.1,6.1 自我描述的性别标签,Self-Described Gender Labels,口语与私人交流,Spoken and Private Communication,none,她在个人简介里写：“母亲、工程师、马拉松爱好者。”,她在个人简介里写：“母亲、工程师、马拉松爱好者。”,KEEP,母亲,自选的身份排序与措辞,她在个人简介里写：“家长、工程师、马拉松爱好者。”,hard
NEG-0166,N6,六、自我认同与自称,Self-Identification and Self-Reference,N6.1,6.1 自我描述的性别标签,Self-Described Gender Labels,口语与私人交流,Spoken and Private Communication,none,我承认我就是个“女汉子”，搬家从来不叫人。,我承认我就是个“女汉子”，搬家从来不叫人。,KEEP,女汉子,自称属自我认同范畴,我承认我性格独立，搬家从来不叫人,hard
NEG-0167,N6,六、自我认同与自称,Self-Identification and Self-Reference,N6.1,6.1 自我描述的性别标签,Self-Described Gender Labels,文艺创作与评论,Literary and Cultural Writing,none,他说自己是“家庭妇男”，语气里没有半点自嘲。,他说自己是“家庭妇男”，语气里没有半点自嘲。,KEEP,家庭妇男,受访者自选标签,他说自己是“全职家长”,hard
NEG-0168,N6,六、自我认同与自称,Self-Identification and Self-Reference,N6.1,6.1 自我描述的性别标签,Self-Described Gender Labels,学术与调研,Academic and Research,none,作者自述：“作为一名女性主义者，我对这一结论保持警惕。”,作者自述：“作为一名女性主义者，我对这一结论保持警惕。”,KEEP,女性主义者,作者的立场声明,作者自述其对这一结论保持警惕,medium
NEG-0169,N6,六、自我认同与自称,Self-Identification and Self-Reference,N6.2,6.2 主动声明的性别与代词,Explicit Gender and Pronoun Declarations,口语与私人交流,Spoken and Private Communication,none,李某某（她／她的）｜产品部 ｜ 分机 8102,李某某（她／她的）｜产品部 ｜ 分机 8102,KEEP,她／她的,本人声明的代词偏好,李某某（TA／TA的）｜产品部,hard
NEG-0178,N6,六、自我认同与自称,Self-Identification and Self-Reference,N6.3,6.3 社群内部用语,In-Group Community Terms,社交与社区,Social and Community,none,跨性别社群内部常以“姐妹”互称，社群外使用则需谨慎。,跨性别社群内部常以“姐妹”互称，社群外使用则需谨慎。,KEEP,姐妹,内外有别的用语规范说明,相关社群内部有特定互称方式,medium
NEG-0179,N6,六、自我认同与自称,Self-Identification and Self-Reference,N6.4,6.4 职业与身份的自我定位,Occupational and Identity Self-Positioning,文艺创作与评论,Literary and Cultural Writing,none,“作为一个男幼师，我最常被问的是：你怎么会想干这行？”,“作为一个男幼师，我最常被问的是：你怎么会想干这行？”,KEEP,男幼师,当事人以此身份展开叙述，是全文立论起点,作为一名幼师，我最常被问的是……,hard
NEG-0180,N6,六、自我认同与自称,Self-Identification and Self-Reference,N6.4,6.4 职业与身份的自我定位,Occupational and Identity Self-Positioning,文艺创作与评论,Literary and Cultural Writing,none,“我是一名女性外科医生。这句话我说了二十年，还是有人惊讶。”,“我是一名女性外科医生。这句话我说了二十年，还是有人惊讶。”,KEEP,女性外科医生,自我定位，且句子在陈述这一标签的处境,我是一名外科医生。这句话我说了二十年……,hard
NEG-0181,N6,六、自我认同与自称,Self-Identification and Self-Reference,N6.4,6.4 职业与身份的自我定位,Occupational and Identity Self-Positioning,文艺创作与评论,Literary and Cultural Writing,none,“我是全职爸爸，今年第三年。”他说这话时正在给孩子扎辫子。,“我是全职爸爸，今年第三年。”他说这话时正在给孩子扎辫子。,KEEP,全职爸爸,受访者自述,我是全职家长，今年第三年,hard
NEG-0182,N6,六、自我认同与自称,Self-Identification and Self-Reference,N6.4,6.4 职业与身份的自我定位,Occupational and Identity Self-Positioning,文艺创作与评论,Literary and Cultural Writing,none,“身为女性创业者，融资时被问的问题跟男性完全不一样。”,“身为女性创业者，融资时被问的问题跟男性完全不一样。”,KEEP,女性创业者/男性,发言人自选的对比框架,身为创业者，融资时被问的问题各不相同,hard
NEG-0184,N6,六、自我认同与自称,Self-Identification and Self-Reference,N6.5,6.5 艺名、网名、角色名,"Stage Names, Usernames, and Character Names",学术与调研,Academic and Research,none,她的笔名“素心女子”已沿用三十年。,她的笔名“素心女子”已沿用三十年。,KEEP,素心女子,自选笔名,她的笔名“素心”已沿用三十年,easy
NEG-0185,N6,六、自我认同与自称,Self-Identification and Self-Reference,N6.5,6.5 艺名、网名、角色名,"Stage Names, Usernames, and Character Names",社交与社区,Social and Community,none,网名叫“隔壁老王”，本人其实是位三十岁的女生。,网名叫“隔壁老王”，本人其实是位三十岁的女生。,KEEP,隔壁老王/女生,网名与本人性别的错位正是句子的信息点,网名与本人身份存在错位,hard
NEG-0186,N6,六、自我认同与自称,Self-Identification and Self-Reference,N6.5,6.5 艺名、网名、角色名,"Stage Names, Usernames, and Character Names",社交与社区,Social and Community,none,该主播的账号名为“健身男孩阿达”，粉丝以女性为主。,该主播的账号名为“健身男孩阿达”，粉丝以女性为主。,KEEP,健身男孩,账号名与受众构成,该主播的账号名为“健身阿达”,medium
NEG-0187,N6,六、自我认同与自称,Self-Identification and Self-Reference,N6.5,6.5 艺名、网名、角色名,"Stage Names, Usernames, and Character Names",社交与社区,Social and Community,none,他给自己的公众号取名“奶爸日记”，更新了四百多期。,他给自己的公众号取名“奶爸日记”，更新了四百多期。,KEEP,奶爸,自选栏目名,他给自己的公众号取名“育儿日记”,medium
NEG-0219,N7,七、语言本体层面的历史残留,Lexicalized and Historically Conventional Gender Forms,N7.1,7.1 字形理据,Orthographic Motivation,医疗健康,Medical and Health,none,“她”字由刘半农在上世纪二十年代推广开来，此前书面上并无区分。,“她”字由刘半农在上世纪二十年代推广开来，此前书面上并无区分。,KEEP,她,文字史事实,第三人称代词的书面区分形成于上世纪二十年代,medium
NEG-0220,N7,七、语言本体层面的历史残留,Lexicalized and Historically Conventional Gender Forms,N7.1,7.1 字形理据,Orthographic Motivation,学术与调研,Academic and Research,none,“好”字从女从子，本义与“美”相关，与褒贬无关。,“好”字从女从子，本义与“美”相关，与褒贬无关。,KEEP,女/子,构字法说明,该字的构形与其本义相关，与褒贬无关,easy
NEG-0221,N7,七、语言本体层面的历史残留,Lexicalized and Historically Conventional Gender Forms,N7.1,7.1 字形理据,Orthographic Motivation,医疗健康,Medical and Health,none,“他”的人字旁是形符，古汉语中本可通指任何人。,“他”的人字旁是形符，古汉语中本可通指任何人。,KEEP,他/人字旁,字形理据说明，句子本身在澄清,该代词的部首是形符，古汉语中本可通指,medium
NEG-0222,N7,七、语言本体层面的历史残留,Lexicalized and Historically Conventional Gender Forms,N7.1,7.1 字形理据,Orthographic Motivation,学术与调研,Academic and Research,none,“妈”从女、马声，“马”在这里只表读音。,“妈”从女、马声，“马”在这里只表读音。,KEEP,女/马,形声字结构分析,该字为形声结构，声符只表读音,easy
NEG-0223,N7,七、语言本体层面的历史残留,Lexicalized and Historically Conventional Gender Forms,N7.1,7.1 字形理据,Orthographic Motivation,学术与调研,Academic and Research,none,“姓”字从女，反映的是早期社会结构，不能直接用作当代用法的依据。,“姓”字从女，反映的是早期社会结构，不能直接用作当代用法的依据。,KEEP,姓/女,文字学与社会史的关联说明,该字的部首反映早期社会结构,medium
NEG-0225,N7,七、语言本体层面的历史残留,Lexicalized and Historically Conventional Gender Forms,N7.2,7.2 敬语传统的中性化用法,Gender-Neutralized Traditional Honorifics,学术与调研,Academic and Research,none,在苏州一带，学生管教书的一律叫“先生”。,在苏州一带，学生管教书的一律叫“先生”。,KEEP,先生,方言中已中性化的职业称谓,在苏州一带，学生管教书的叫“老师”,medium
NEG-0228,N7,七、语言本体层面的历史残留,Lexicalized and Historically Conventional Gender Forms,N7.2,7.2 敬语传统的中性化用法,Gender-Neutralized Traditional Honorifics,学术与调研,Academic and Research,none,旧时称中医大夫也叫“先生”，与性别无关。,旧时称中医大夫也叫“先生”，与性别无关。,KEEP,先生,历史称谓说明,旧时称中医大夫也有专门叫法,medium
NEG-0231,N7,七、语言本体层面的历史残留,Lexicalized and Historically Conventional Gender Forms,N7.3,7.3 已中性化的复合词,Lexicalized Gender-Neutral Compounds,学术与调研,Academic and Research,none,“祖国母亲”是修辞化的拟人表达，不是在给国家指定性别。,“祖国母亲”是修辞化的拟人表达，不是在给国家指定性别。,KEEP,祖国母亲,修辞用法，句子本身在作说明,该表达是修辞化的拟人说法,medium
NEG-0234,N7,七、语言本体层面的历史残留,Lexicalized and Historically Conventional Gender Forms,N7.4,7.4 语法性词汇,Grammaticalized Vocabulary,学术与调研,Academic and Research,none,汉语没有性、数、格的形态变化，性别信息主要靠词汇而非形态承担。,汉语没有性、数、格的形态变化，性别信息主要靠词汇而非形态承担。,KEEP,性别信息,语言类型学事实,汉语没有形态变化,easy
NEG-0237,N7,七、语言本体层面的历史残留,Lexicalized and Historically Conventional Gender Forms,N7.4,7.4 语法性词汇,Grammaticalized Vocabulary,学术与调研,Academic and Research,none,“妈祖”是音义结合的专名，其中的“妈”不作性别理解。,“妈祖”是音义结合的专名，其中的“妈”不作性别理解。,KEEP,妈祖/妈,专名与词源说明,该专名中的成分不作字面理解,medium
NEG-0238,N7,七、语言本体层面的历史残留,Lexicalized and Historically Conventional Gender Forms,N7.4,7.4 语法性词汇,Grammaticalized Vocabulary,学术与调研,Academic and Research,none,日语第一人称“僕”带男性色彩，中文一般一律译作“我”。,日语第一人称“僕”带男性色彩，中文一般一律译作“我”。,KEEP,僕/男性色彩,跨语言差异说明,日语部分第一人称带语体色彩，中文一律译作“我”,medium
NEG-0242,N7,七、语言本体层面的历史残留,Lexicalized and Historically Conventional Gender Forms,N7.5,7.5 惯用搭配与固定表达,Idiomatic Collocations and Fixed Expressions,公文与规章,Official and Regulatory Text,none,“父老”在正式公文中已基本被“居民”替代，但在讲话稿中仍常见。,“父老”在正式公文中已基本被“居民”替代，但在讲话稿中仍常见。,KEEP,父老,语体演变的客观描述,部分传统称谓在公文中已被替代，但讲话稿中仍常见,medium
NEG-0244,N8,八、假触发词（形似而非）,False Gender Triggers,N8.1,8.1 建筑与工程构件,Architectural and Engineering Components,工程与技术,Engineering and Technology,none,女儿墙防水层出现开裂，需要重新铺一遍卷材。,女儿墙防水层出现开裂，需要重新铺一遍卷材。,KEEP,女儿墙,建筑构件名称，与性别无关,儿童墙防水层出现开裂,easy
NEG-0245,N8,八、假触发词（形似而非）,False Gender Triggers,N8.1,8.1 建筑与工程构件,Architectural and Engineering Components,工程与技术,Engineering and Technology,none,女儿墙压顶的排水坡度应朝向屋面内侧。,女儿墙压顶的排水坡度应朝向屋面内侧。,KEEP,女儿墙,构件名称,屋面矮墙压顶的排水坡度应朝向内侧,easy
NEG-0247,N8,八、假触发词（形似而非）,False Gender Triggers,N8.1,8.1 建筑与工程构件,Architectural and Engineering Components,工程与技术,Engineering and Technology,none,这批公母榫开的尺寸不对，根本装不上。,这批公母榫开的尺寸不对，根本装不上。,KEEP,公母榫,木作工艺名称,这批榫卯开的尺寸不对,easy
NEG-0248,N8,八、假触发词（形似而非）,False Gender Triggers,N8.1,8.1 建筑与工程构件,Architectural and Engineering Components,工程与技术,Engineering and Technology,none,幕墙的公扣与母扣要对齐之后再打胶。,幕墙的公扣与母扣要对齐之后再打胶。,KEEP,公扣/母扣,连接件名称,幕墙的两侧扣件要对齐之后再打胶,easy
NEG-0250,N8,八、假触发词（形似而非）,False Gender Triggers,N8.1,8.1 建筑与工程构件,Architectural and Engineering Components,工程与技术,Engineering and Technology,none,母材与焊材的匹配须按规范选取，不得随意替代。,母材与焊材的匹配须按规范选取，不得随意替代。,KEEP,母材,材料学术语,基材与焊材的匹配须按规范选取,easy
NEG-0251,N8,八、假触发词（形似而非）,False Gender Triggers,N8.1,8.1 建筑与工程构件,Architectural and Engineering Components,工程与技术,Engineering and Technology,none,这套模板的公模和母模都得重新开。,这套模板的公模和母模都得重新开。,KEEP,公模/母模,模具术语,这套模板的正反模都得重新开,easy
NEG-0252,N8,八、假触发词（形似而非）,False Gender Triggers,N8.1,8.1 建筑与工程构件,Architectural and Engineering Components,工程与技术,Engineering and Technology,none,楼梯扶手上的子母扣松了，得重新压一下。,楼梯扶手上的子母扣松了，得重新压一下。,KEEP,子母扣,五金件名称,楼梯扶手上的卡扣松了,easy
NEG-0254,N8,八、假触发词（形似而非）,False Gender Triggers,N8.2,8.2 机械电气与器件,"Mechanical, Electrical, and Device Terms",工程与技术,Engineering and Technology,none,配电柜里的母线排需要重新压接。,配电柜里的母线排需要重新压接。,KEEP,母线排,电气元件名称,配电柜里的汇流排需要重新压接,easy
NEG-0255,N8,八、假触发词（形似而非）,False Gender Triggers,N8.2,8.2 机械电气与器件,"Mechanical, Electrical, and Device Terms",工程与技术,Engineering and Technology,none,网线水晶头分公头母头，别插反了。,网线水晶头分公头母头，别插反了。,KEEP,公头/母头,接插件术语,网线水晶头分两种接口，别插反了,easy
NEG-0256,N8,八、假触发词（形似而非）,False Gender Triggers,N8.2,8.2 机械电气与器件,"Mechanical, Electrical, and Device Terms",工程与技术,Engineering and Technology,none,这块母板上的电容已经鼓包，建议整体更换。,这块母板上的电容已经鼓包，建议整体更换。,KEEP,母板,电子元件名称,这块主板上的电容已经鼓包,easy
NEG-0261,N8,八、假触发词（形似而非）,False Gender Triggers,N8.2,8.2 机械电气与器件,"Mechanical, Electrical, and Device Terms",工程与技术,Engineering and Technology,none,这台设备的子机与母机通过 2.4G 无线配对。,这台设备的子机与母机通过 2.4G 无线配对。,KEEP,子机/母机,设备结构名称,这台设备的分机与主机通过无线配对,easy
NEG-0262,N8,八、假触发词（形似而非）,False Gender Triggers,N8.2,8.2 机械电气与器件,"Mechanical, Electrical, and Device Terms",工程与技术,Engineering and Technology,none,这个接口是母口，你得再找根公对公的线。,这个接口是母口，你得再找根公对公的线。,KEEP,母口/公对公,接口类型,这个接口是内插式的，你得再找根双头线,easy
NEG-0264,N8,八、假触发词（形似而非）,False Gender Triggers,N8.3,8.3 生物农业与育种,"Biology, Agriculture, and Breeding Terms",工程与技术,Engineering and Technology,none,这个杂交组合父本抗病性好，母本产量高。,这个杂交组合父本抗病性好，母本产量高。,KEEP,父本/母本,育种学术语,这个杂交组合的两个亲本各有优势,easy
NEG-0265,N8,八、假触发词（形似而非）,False Gender Triggers,N8.3,8.3 生物农业与育种,"Biology, Agriculture, and Breeding Terms",工程与技术,Engineering and Technology,none,银杏是雌雄异株，只栽雄株是不结果的。,银杏是雌雄异株，只栽雄株是不结果的。,KEEP,雌雄异株/雄株,植物学术语,银杏分两种植株，只栽一种是不结果的,easy
NEG-0267,N8,八、假触发词（形似而非）,False Gender Triggers,N8.3,8.3 生物农业与育种,"Biology, Agriculture, and Breeding Terms",工程与技术,Engineering and Technology,none,母猪产后头三天要重点防乳房炎。,母猪产后头三天要重点防乳房炎。,KEEP,母猪,畜牧业术语,产后母畜头三天要重点防乳房炎,easy
NEG-0269,N8,八、假触发词（形似而非）,False Gender Triggers,N8.3,8.3 生物农业与育种,"Biology, Agriculture, and Breeding Terms",工程与技术,Engineering and Technology,none,菌种传代超过五次须重新从母种提纯。,菌种传代超过五次须重新从母种提纯。,KEEP,母种,微生物学术语,菌种传代超过五次须重新从原种提纯,easy
NEG-0270,N8,八、假触发词（形似而非）,False Gender Triggers,N8.3,8.3 生物农业与育种,"Biology, Agriculture, and Breeding Terms",工程与技术,Engineering and Technology,none,雌蕊柱头出现黏液，说明已进入可授粉期。,雌蕊柱头出现黏液，说明已进入可授粉期。,KEEP,雌蕊,植物解剖学术语,花蕊柱头出现黏液,easy
NEG-0271,N8,八、假触发词（形似而非）,False Gender Triggers,N8.3,8.3 生物农业与育种,"Biology, Agriculture, and Breeding Terms",工程与技术,Engineering and Technology,none,蜂群中的工蜂全部为雌性，蜂王一天可产卵上千粒。,蜂群中的工蜂全部为雌性，蜂王一天可产卵上千粒。,KEEP,雌性/蜂王,昆虫学事实描述,蜂群中的工蜂承担采集任务，蜂王一天可产卵上千粒,medium
NEG-0272,N8,八、假触发词（形似而非）,False Gender Triggers,N8.3,8.3 生物农业与育种,"Biology, Agriculture, and Breeding Terms",工程与技术,Engineering and Technology,none,河蟹的雌雄可以从腹部形状直接分辨。,河蟹的雌雄可以从腹部形状直接分辨。,KEEP,雌雄,形态学鉴别方法,河蟹可以从腹部形状直接分类,easy
NEG-0273,N8,八、假触发词（形似而非）,False Gender Triggers,N8.3,8.3 生物农业与育种,"Biology, Agriculture, and Breeding Terms",工程与技术,Engineering and Technology,none,线粒体属母系遗传，父本的贡献可以忽略。,线粒体属母系遗传，父本的贡献可以忽略。,KEEP,母系遗传/父本,遗传学术语,线粒体属单亲遗传，另一方的贡献可以忽略,medium
NEG-0274,N8,八、假触发词（形似而非）,False Gender Triggers,N8.4,8.4 计算机与数学,Computing and Mathematics Terms,工程与技术,Engineering and Technology,none,这个类要继承父类的构造方法，不能直接覆盖。,这个类要继承父类的构造方法，不能直接覆盖。,KEEP,父类,面向对象术语,这个类要继承基类的构造方法,easy
NEG-0275,N8,八、假触发词（形似而非）,False Gender Triggers,N8.4,8.4 计算机与数学,Computing and Mathematics Terms,工程与技术,Engineering and Technology,none,子进程退出后，父进程需要及时回收资源。,子进程退出后，父进程需要及时回收资源。,KEEP,父进程/子进程,操作系统术语,子任务退出后，主任务需要及时回收资源,easy
NEG-0276,N8,八、假触发词（形似而非）,False Gender Triggers,N8.4,8.4 计算机与数学,Computing and Mathematics Terms,工程与技术,Engineering and Technology,none,母函数在组合计数问题里是常用工具。,母函数在组合计数问题里是常用工具。,KEEP,母函数,数学术语,生成函数在组合计数问题里是常用工具,medium
NEG-0277,N8,八、假触发词（形似而非）,False Gender Triggers,N8.4,8.4 计算机与数学,Computing and Mathematics Terms,工程与技术,Engineering and Technology,none,父子组件之间用 props 传值，跨层级用 context。,父子组件之间用 props 传值，跨层级用 context。,KEEP,父子组件,框架术语,上下级组件之间用 props 传值,easy
NEG-0282,N8,八、假触发词（形似而非）,False Gender Triggers,N8.4,8.4 计算机与数学,Computing and Mathematics Terms,工程与技术,Engineering and Technology,none,母版页里定义了页头页脚等公共布局。,母版页里定义了页头页脚等公共布局。,KEEP,母版页,Web 开发术语,模板页里定义了页头页脚,easy
NEG-0284,N8,八、假触发词（形似而非）,False Gender Triggers,N8.5,8.5 组织与商业术语,Organizational and Commercial Terms,公文与规章,Official and Regulatory Text,none,母公司为子公司提供担保须经董事会决议。,母公司为子公司提供担保须经董事会决议。,KEEP,母公司/子公司,公司法术语,控股公司为下属公司提供担保须经董事会决议,easy
NEG-0285,N8,八、假触发词（形似而非）,False Gender Triggers,N8.5,8.5 组织与商业术语,Organizational and Commercial Terms,商业与产品,Business and Product,none,他毕业二十年后第一次回母校，操场已经翻新过两轮。,他毕业二十年后第一次回母校，操场已经翻新过两轮。,KEEP,母校,固定词,他毕业二十年后第一次回学校,easy
NEG-0286,N8,八、假触发词（形似而非）,False Gender Triggers,N8.5,8.5 组织与商业术语,Organizational and Commercial Terms,公文与规章,Official and Regulatory Text,none,母语非英语的申请人须额外提交语言成绩。,母语非英语的申请人须额外提交语言成绩。,KEEP,母语,语言学与行政术语,第一语言非英语的申请人须额外提交语言成绩,easy
NEG-0287,N8,八、假触发词（形似而非）,False Gender Triggers,N8.5,8.5 组织与商业术语,Organizational and Commercial Terms,商业与产品,Business and Product,none,这张唱片的母带至今保存在伦敦的库房里。,这张唱片的母带至今保存在伦敦的库房里。,KEEP,母带,录音术语,这张唱片的原始录音带至今保存在伦敦,easy
NEG-0289,N8,八、假触发词（形似而非）,False Gender Triggers,N8.5,8.5 组织与商业术语,Organizational and Commercial Terms,口语与私人交流,Spoken and Private Communication,none,这个是母版文件，改之前记得先另存一份。,这个是母版文件，改之前记得先另存一份。,KEEP,母版,文档管理术语,这个是原始文件，改之前记得先另存,easy
NEG-0290,N8,八、假触发词（形似而非）,False Gender Triggers,N8.5,8.5 组织与商业术语,Organizational and Commercial Terms,新闻报道,News Reporting,none,该航母编队已完成首次远海训练任务。,该航母编队已完成首次远海训练任务。,KEEP,航母,装备名称,该舰艇编队已完成首次远海训练,easy
NEG-0291,N8,八、假触发词（形似而非）,False Gender Triggers,N8.5,8.5 组织与商业术语,Organizational and Commercial Terms,商业与产品,Business and Product,none,这只母基金主要投向早期科技项目。,这只母基金主要投向早期科技项目。,KEEP,母基金,金融术语,这只组合基金主要投向早期科技项目,easy
NEG-0293,N8,八、假触发词（形似而非）,False Gender Triggers,N8.5,8.5 组织与商业术语,Organizational and Commercial Terms,新闻报道,News Reporting,none,该邮轮母港二期工程总投资超过二十亿元。,该邮轮母港二期工程总投资超过二十亿元。,KEEP,母港,港口术语,该邮轮基地二期工程总投资超过二十亿,easy
NEG-0296,N8,八、假触发词（形似而非）,False Gender Triggers,N8.6,8.6 固定词与成语,Fixed Expressions and Idioms,学术与调研,Academic and Research,none,两本书是姊妹篇，建议按出版顺序阅读。,两本书是姊妹篇，建议按出版顺序阅读。,KEEP,姊妹篇,固定词,两本书是系列作品，建议按顺序阅读,medium
NEG-0298,N8,八、假触发词（形似而非）,False Gender Triggers,N8.6,8.6 固定词与成语,Fixed Expressions and Idioms,新闻报道,News Reporting,none,《兄弟连》是一部以二战为背景的美剧。,《兄弟连》是一部以二战为背景的美剧。,KEEP,兄弟连,作品名,《战友连》是一部以二战为背景的美剧,easy
NEG-0299,N8,八、假触发词（形似而非）,False Gender Triggers,N8.6,8.6 固定词与成语,Fixed Expressions and Idioms,工程与技术,Engineering and Technology,none,姊妹染色单体在有丝分裂后期分离。,姊妹染色单体在有丝分裂后期分离。,KEEP,姊妹染色单体,细胞学术语,同源染色单体在有丝分裂后期分离,easy
NEG-0300,N8,八、假触发词（形似而非）,False Gender Triggers,N8.6,8.6 固定词与成语,Fixed Expressions and Idioms,商业与产品,Business and Product,none,夫妻肺片是川菜里的经典凉菜，和夫妻其实没关系。,夫妻肺片是川菜里的经典凉菜，和夫妻其实没关系。,KEEP,夫妻肺片,菜品专名，句子本身已说明,这道经典凉菜和夫妻其实没关系,easy
NEG-0301,N8,八、假触发词（形似而非）,False Gender Triggers,N8.6,8.6 固定词与成语,Fixed Expressions and Idioms,医疗健康,Medical and Health,none,女儿红属于黄酒，绍兴一带旧时用于嫁女时启封。,女儿红属于黄酒，绍兴一带旧时用于嫁女时启封。,KEEP,女儿红,酒名与民俗由来,这种黄酒在绍兴一带旧时用于嫁女时启封,easy
NEG-0302,N8,八、假触发词（形似而非）,False Gender Triggers,N8.6,8.6 固定词与成语,Fixed Expressions and Idioms,工程与技术,Engineering and Technology,none,两条线路互为姊妹线，一条检修时另一条带全部负荷。,两条线路互为姊妹线，一条检修时另一条带全部负荷。,KEEP,姊妹线,电力术语,两条线路互为备用线路,easy
NEG-0303,N8,八、假触发词（形似而非）,False Gender Triggers,N8.6,8.6 固定词与成语,Fixed Expressions and Idioms,工程与技术,Engineering and Technology,none,子母车是这条产线上的核心转运设备。,子母车是这条产线上的核心转运设备。,KEEP,子母车,设备名称,转运车是这条产线上的核心设备,easy
NEG-0304,N8,八、假触发词（形似而非）,False Gender Triggers,N8.7,8.7 专名、地名与商标,"Proper Names, Place Names, and Trademarks",商业与产品,Business and Product,none,娘子关是山西东部的重要关隘，历来为兵家必争之地。,娘子关是山西东部的重要关隘，历来为兵家必争之地。,KEEP,娘子关,地名专名,这处关隘是山西东部的军事要地,easy
NEG-0305,N8,八、假触发词（形似而非）,False Gender Triggers,N8.7,8.7 专名、地名与商标,"Proper Names, Place Names, and Trademarks",医疗健康,Medical and Health,none,婆罗洲是世界第三大岛，由三个国家分治。,婆罗洲是世界第三大岛，由三个国家分治。,KEEP,婆罗洲,地名专名,这座大岛是世界第三大岛,easy
NEG-0306,N8,八、假触发词（形似而非）,False Gender Triggers,N8.7,8.7 专名、地名与商标,"Proper Names, Place Names, and Trademarks",商业与产品,Business and Product,none,少女峰铁路是欧洲海拔最高的齿轨铁路。,少女峰铁路是欧洲海拔最高的齿轨铁路。,KEEP,少女峰,地名专名,这条铁路是欧洲海拔最高的齿轨铁路,easy
NEG-0307,N8,八、假触发词（形似而非）,False Gender Triggers,N8.7,8.7 专名、地名与商标,"Proper Names, Place Names, and Trademarks",商业与产品,Business and Product,none,老干妈风味豆豉 280 克，玻璃瓶装。,老干妈风味豆豉 280 克，玻璃瓶装。,KEEP,老干妈,注册商标,风味豆豉 280 克，玻璃瓶装,easy
NEG-0308,N8,八、假触发词（形似而非）,False Gender Triggers,N8.7,8.7 专名、地名与商标,"Proper Names, Place Names, and Trademarks",医疗健康,Medical and Health,none,妇科千金片属于处方药，须凭医师处方购买。,妇科千金片属于处方药，须凭医师处方购买。,KEEP,妇科千金片,药品通用名,该中成药属于处方药,easy
NEG-0309,N8,八、假触发词（形似而非）,False Gender Triggers,N8.7,8.7 专名、地名与商标,"Proper Names, Place Names, and Trademarks",医疗健康,Medical and Health,none,女娲补天的传说最早见于《淮南子》。,女娲补天的传说最早见于《淮南子》。,KEEP,女娲,神话人物专名,补天的传说最早见于《淮南子》,easy
NEG-0310,N8,八、假触发词（形似而非）,False Gender Triggers,N8.7,8.7 专名、地名与商标,"Proper Names, Place Names, and Trademarks",新闻报道,News Reporting,none,母亲河生态治理工程已进入第二阶段。,母亲河生态治理工程已进入第二阶段。,KEEP,母亲河,黄河的固定别称,大河生态治理工程已进入第二阶段,medium
NEG-0312,N8,八、假触发词（形似而非）,False Gender Triggers,N8.7,8.7 专名、地名与商标,"Proper Names, Place Names, and Trademarks",医疗健康,Medical and Health,none,处女座是黄道十二星座中面积最大的一个。,处女座是黄道十二星座中面积最大的一个。,KEEP,处女座,星座专名,室女座是黄道十二星座中面积最大的一个,medium
NEG-0313,N8,八、假触发词（形似而非）,False Gender Triggers,N8.7,8.7 专名、地名与商标,"Proper Names, Place Names, and Trademarks",文艺创作与评论,Literary and Cultural Writing,none,《处女泉》为伯格曼赢得了首座奥斯卡最佳外语片。,《处女泉》为伯格曼赢得了首座奥斯卡最佳外语片。,KEEP,处女泉,影片名,这部影片为伯格曼赢得了首座奥斯卡,easy
NEG-0314,N8,八、假触发词（形似而非）,False Gender Triggers,N8.7,8.7 专名、地名与商标,"Proper Names, Place Names, and Trademarks",商业与产品,Business and Product,none,太太乐是国内鸡精市场份额较高的品牌之一。,太太乐是国内鸡精市场份额较高的品牌之一。,KEEP,太太乐,注册商标,该品牌是国内鸡精市场份额较高的之一,easy
NEG-0325,N1,一、指称已知性别的具体个人,Specific Individuals of Known Gender,N1.1,1.1 姓名与社会称谓,Personal Names and Social Titles,公文与规章,Official and Regulatory Text,none,张女士您好，您预约的上门安装时间是周六上午 9 点到 11 点。,张女士您好，您预约的上门安装时间是周六上午 9 点到 11 点。,KEEP,张女士,客户称谓，须与订单信息一致,尊敬的客户您好，您预约的上门安装时间是……,medium
NEG-0326,N1,一、指称已知性别的具体个人,Specific Individuals of Known Gender,N1.1,1.1 姓名与社会称谓,Personal Names and Social Titles,社交与社区,Social and Community,none,我们组长姓周，人特别好，她昨天还陪我改稿改到十点。,我们组长姓周，人特别好，她昨天还陪我改稿改到十点。,KEEP,她,指称具体某人,我们组长姓周，人特别好，TA昨天还陪我改稿,hard
NEG-0327,N1,一、指称已知性别的具体个人,Specific Individuals of Known Gender,N1.1,1.1 姓名与社会称谓,Personal Names and Social Titles,法律与司法,Legal and Judicial,none,第三人王某某（女，1985 年生）与本案处理结果有利害关系。,第三人王某某（女，1985 年生）与本案处理结果有利害关系。,KEEP,女,诉讼参加人身份信息,第三人王某某（1985 年生）与本案有利害关系,easy
NEG-0328,N1,一、指称已知性别的具体个人,Specific Individuals of Known Gender,N1.2,1.2 人称代词,Personal Pronouns,口语与私人交流,Spoken and Private Communication,none,我表弟今年高考，他压力大到失眠，家里人都不敢多问。,我表弟今年高考，他压力大到失眠，家里人都不敢多问。,KEEP,表弟/他,亲属与代词均指具体个人,我家亲戚今年高考，TA压力大到失眠,hard
NEG-0329,N1,一、指称已知性别的具体个人,Specific Individuals of Known Gender,N1.2,1.2 人称代词,Personal Pronouns,工程与技术,Engineering and Technology,none,该用户反馈她收到的商品与描述不符，已为她申请退款。,该用户反馈她收到的商品与描述不符，已为她申请退款。,KEEP,她,工单中对具体用户的指称,该用户反馈其收到的商品与描述不符,medium
NEG-0330,N1,一、指称已知性别的具体个人,Specific Individuals of Known Gender,N1.2,1.2 人称代词,Personal Pronouns,公文与规章,Official and Regulatory Text,none,这位买家备注说她对花粉过敏，请不要搭配干花。,这位买家备注说她对花粉过敏，请不要搭配干花。,KEEP,她,买家的具体情况说明,这位买家备注对花粉过敏,medium
NEG-0331,N1,一、指称已知性别的具体个人,Specific Individuals of Known Gender,N1.3,1.3 血亲与姻亲称谓,Kinship and Affinal Terms,口语与私人交流,Spoken and Private Communication,none,我奶奶九十了，还天天自己下楼买菜，谁劝都不听。,我奶奶九十了，还天天自己下楼买菜，谁劝都不听。,KEEP,奶奶,亲属称谓指具体某人,我家长辈九十了，还天天自己下楼买菜,medium
NEG-0332,N1,一、指称已知性别的具体个人,Specific Individuals of Known Gender,N1.3,1.3 血亲与姻亲称谓,Kinship and Affinal Terms,社交与社区,Social and Community,none,这款按摩仪我买给我爸的，他说比之前那个好用多了。,这款按摩仪我买给我爸的，他说比之前那个好用多了。,KEEP,我爸/他,购买场景的真实描述,这款按摩仪我买给家里长辈的,medium
NEG-0333,N1,一、指称已知性别的具体个人,Specific Individuals of Known Gender,N1.3,1.3 血亲与姻亲称谓,Kinship and Affinal Terms,法律与司法,Legal and Judicial,none,死者之妻及两名子女均已到庭参加诉讼。,死者之妻及两名子女均已到庭参加诉讼。,KEEP,之妻,诉讼主体身份,死者配偶及两名子女均已到庭,medium
NEG-0334,N1,一、指称已知性别的具体个人,Specific Individuals of Known Gender,N1.4,1.4 伴侣与恋爱关系,Partners and Romantic Relationships,社交与社区,Social and Community,none,和我老婆认识十年了，从大学到现在，吵过但没红过脸。,和我老婆认识十年了，从大学到现在，吵过但没红过脸。,KEEP,老婆,当事人对自身关系的描述,和我伴侣认识十年了,hard
NEG-0335,N1,一、指称已知性别的具体个人,Specific Individuals of Known Gender,N1.4,1.4 伴侣与恋爱关系,Partners and Romantic Relationships,公文与规章,Official and Regulatory Text,none,订单是我男朋友下的，他现在不在，我能帮他改地址吗？,订单是我男朋友下的，他现在不在，我能帮他改地址吗？,KEEP,男朋友/他,下单人身份说明,订单是我伴侣下的，TA现在不在,hard
NEG-0336,N1,一、指称已知性别的具体个人,Specific Individuals of Known Gender,N1.4,1.4 伴侣与恋爱关系,Partners and Romantic Relationships,公文与规章,Official and Regulatory Text,none,申请人与被申请人系夫妻关系，现因家庭暴力申请人身安全保护令。,申请人与被申请人系夫妻关系，现因家庭暴力申请人身安全保护令。,KEEP,夫妻关系,法律关系认定，是管辖与适用的前提,双方系伴侣关系，现申请人身安全保护令,easy
NEG-0337,N1,一、指称已知性别的具体个人,Specific Individuals of Known Gender,N1.5,1.5 社会角色中的具体个人,Specific Individuals in Social Roles,新闻报道,News Reporting,none,这家小厂只有十一个人，九个是女工，最年轻的三十二岁。,这家小厂只有十一个人，九个是女工，最年轻的三十二岁。,KEEP,女工,工厂用工结构的事实,这家小厂只有十一个人，最年轻的三十二岁,medium
NEG-0339,N1,一、指称已知性别的具体个人,Specific Individuals of Known Gender,N1.5,1.5 社会角色中的具体个人,Specific Individuals in Social Roles,公文与规章,Official and Regulatory Text,none,陪护家属为患者女儿，已签署授权委托书。,陪护家属为患者女儿，已签署授权委托书。,KEEP,女儿,医疗文书中的家属身份,陪护家属为患者子女，已签署授权委托书,easy
NEG-0340,N2,二、生理与医学必需,Biologically and Medically Necessary Gender Information,N2.1,2.1 生殖与生育,Reproduction and Childbearing,社交与社区,Social and Community,none,备孕大半年没动静，昨天终于测到两条杠，手都在抖。,备孕大半年没动静，昨天终于测到两条杠，手都在抖。,KEEP,备孕,当事人的真实经历叙述,准备大半年没动静，昨天终于有了结果,medium
NEG-0341,N2,二、生理与医学必需,Biologically and Medically Necessary Gender Information,N2.1,2.1 生殖与生育,Reproduction and Childbearing,商业与产品,Business and Product,none,这款待产包内含产褥垫和一次性内裤，医院清单要求的都齐了。,这款待产包内含产褥垫和一次性内裤，医院清单要求的都齐了。,KEEP,待产包/产褥垫,商品品类与内容物名称,这款护理包内含相关用品,easy
NEG-0342,N2,二、生理与医学必需,Biologically and Medically Necessary Gender Information,N2.2,2.2 生理周期与内分泌,Menstrual Cycles and Endocrine Processes,社交与社区,Social and Community,none,例假推迟十天了，测了没怀孕，是不是内分泌失调？,例假推迟十天了，测了没怀孕，是不是内分泌失调？,KEEP,例假/怀孕,用户口语化的症状描述,周期推迟十天了，测了结果正常,easy
NEG-0343,N2,二、生理与医学必需,Biologically and Medically Necessary Gender Information,N2.2,2.2 生理周期与内分泌,Menstrual Cycles and Endocrine Processes,公文与规章,Official and Regulatory Text,none,该保健品宣称可改善更年期潮热，但未取得相关批准文号。,该保健品宣称可改善更年期潮热，但未取得相关批准文号。,KEEP,更年期,被审查产品的宣称内容,该保健品宣称可改善相关症状,medium
NEG-0345,N2,二、生理与医学必需,Biologically and Medically Necessary Gender Information,N2.3,2.3 性别特异性器官与疾病,Sex-Specific Organs and Diseases,口语与私人交流,Spoken and Private Communication,none,我爸六十五，体检查出前列腺钙化，医生说不用管。,我爸六十五，体检查出前列腺钙化，医生说不用管。,KEEP,前列腺,家属转述的检查结果,我家长辈体检查出相关钙化,easy
NEG-0346,N2,二、生理与医学必需,Biologically and Medically Necessary Gender Information,N2.4,2.4 药理与诊疗差异,Pharmacological and Clinical Differences,医疗健康,Medical and Health,none,孕妇及哺乳期妇女慎用，儿童须在成人监护下使用。,孕妇及哺乳期妇女慎用，儿童须在成人监护下使用。,KEEP,孕妇/哺乳期妇女,说明书法定表述,特殊生理期人群慎用,easy
NEG-0347,N2,二、生理与医学必需,Biologically and Medically Necessary Gender Information,N2.4,2.4 药理与诊疗差异,Pharmacological and Clinical Differences,公文与规章,Official and Regulatory Text,none,女性患者服药期间应采取有效避孕措施，停药后三个月方可备孕。,女性患者服药期间应采取有效避孕措施，停药后三个月方可备孕。,KEEP,女性患者,致畸风险相关的用药交代,患者服药期间应采取有效避孕措施,medium
NEG-0349,N2,二、生理与医学必需,Biologically and Medically Necessary Gender Information,N2.5,2.5 性别确认医疗与性健康,Gender-Affirming Care and Sexual Health,公文与规章,Official and Regulatory Text,none,性病高危人群筛查应覆盖男男性行为者与性工作者。,性病高危人群筛查应覆盖男男性行为者与性工作者。,KEEP,男男性行为者,公共卫生的目标人群界定,性病高危人群筛查应覆盖重点人群,medium
NEG-0350,N2,二、生理与医学必需,Biologically and Medically Necessary Gender Information,N2.6,2.6 鉴定与研究场景,Identification and Research Contexts,新闻报道,News Reporting,none,搜救队根据遗留物品初步判断，失踪者中有一名女性。,搜救队根据遗留物品初步判断，失踪者中有一名女性。,KEEP,女性,搜救信息的关键线索,搜救队根据遗留物品初步判断失踪者人数,easy
NEG-0351,N2,二、生理与医学必需,Biologically and Medically Necessary Gender Information,N2.6,2.6 鉴定与研究场景,Identification and Research Contexts,学术与调研,Academic and Research,none,样本量按男女各 200 例设计，以保证亚组分析的检验效能。,样本量按男女各 200 例设计，以保证亚组分析的检验效能。,KEEP,男女,抽样设计的方法学要求,样本量按 400 例设计,easy
NEG-0352,N3,三、制度性与统计性区分,Institutionally or Statistically Necessary Gender Distinctions,N3.1,3.1 法律与行政身份,Legal and Administrative Status,公文与规章,Official and Regulatory Text,none,办理时需携带户口本，上面显示的性别与身份证一致即可。,办理时需携带户口本，上面显示的性别与身份证一致即可。,KEEP,性别,材料核验规则,办理时需携带户口本，信息一致即可,medium
NEG-0353,N3,三、制度性与统计性区分,Institutionally or Statistically Necessary Gender Distinctions,N3.1,3.1 法律与行政身份,Legal and Administrative Status,公文与规章,Official and Regulatory Text,none,婚姻登记档案显示，男方于 2018 年 3 月首次办理结婚登记。,婚姻登记档案显示，男方于 2018 年 3 月首次办理结婚登记。,KEEP,男方,登记档案记载事项,档案显示一方于 2018 年 3 月首次登记,medium
NEG-0355,N3,三、制度性与统计性区分,Institutionally or Statistically Necessary Gender Distinctions,N3.2,3.2 劳动与社会保障,Employment and Social Security,公文与规章,Official and Regulatory Text,none,哺乳期同事每天可享受一小时哺乳时间，可与午休合并使用。,哺乳期同事每天可享受一小时哺乳时间，可与午休合并使用。,KEEP,哺乳期/哺乳时间,法定权益名称,相关同事每天可享受一小时弹性时间,medium
NEG-0356,N3,三、制度性与统计性区分,Institutionally or Statistically Necessary Gender Distinctions,N3.3,3.3 体育竞技分级,Sports Classification,社交与社区,Social and Community,none,女子举重 49 公斤级那场太精彩了，最后一把直接翻盘。,女子举重 49 公斤级那场太精彩了，最后一把直接翻盘。,KEEP,女子,项目正式分级,举重 49 公斤级那场太精彩了,easy
NEG-0357,N3,三、制度性与统计性区分,Institutionally or Statistically Necessary Gender Distinctions,N3.3,3.3 体育竞技分级,Sports Classification,公文与规章,Official and Regulatory Text,none,这双跑鞋分男款女款，楦型不一样，不能按尺码直接换。,这双跑鞋分男款女款，楦型不一样，不能按尺码直接换。,KEEP,男款/女款,鞋楦分型的产品事实,这双跑鞋有两种版型，不能按尺码直接换,medium
NEG-0360,N3,三、制度性与统计性区分,Institutionally or Statistically Necessary Gender Distinctions,N3.5,3.5 统计、监测与研究,"Statistics, Monitoring, and Research",商业与产品,Business and Product,none,该品类购买者中女性占 78%，但赠礼场景下男性占比明显上升。,该品类购买者中女性占 78%，但赠礼场景下男性占比明显上升。,KEEP,女性/男性,消费结构分析的核心数据,该品类购买者结构在赠礼场景下明显变化,medium
NEG-0361,N3,三、制度性与统计性区分,Institutionally or Statistically Necessary Gender Distinctions,N3.5,3.5 统计、监测与研究,"Statistics, Monitoring, and Research",新闻报道,News Reporting,none,中小学教师队伍中女性比例已达 71%，管理岗位则为 43%。,中小学教师队伍中女性比例已达 71%，管理岗位则为 43%。,KEEP,女性比例,职业性别结构数据,中小学教师队伍结构与管理岗位存在差异,medium
NEG-0362,N3,三、制度性与统计性区分,Institutionally or Statistically Necessary Gender Distinctions,N3.6,3.6 平权、保护与专项服务,"Equality, Protection, and Targeted Services",新闻报道,News Reporting,none,本次评选设置女性创业者专项名额十个，与通用名额分开评审。,本次评选设置女性创业者专项名额十个，与通用名额分开评审。,KEEP,女性创业者,专项名额的准入条件,本次评选设置专项名额十个,hard
NEG-0363,N3,三、制度性与统计性区分,Institutionally or Statistically Necessary Gender Distinctions,N3.6,3.6 平权、保护与专项服务,"Equality, Protection, and Targeted Services",公文与规章,Official and Regulatory Text,none,各单位应确保职工代表大会中女性代表比例不低于女职工比例。,各单位应确保职工代表大会中女性代表比例不低于女职工比例。,KEEP,女性代表/女职工,代表性保障条款,各单位应确保职工代表大会的代表结构合理,hard
NEG-0364,N3,三、制度性与统计性区分,Institutionally or Statistically Necessary Gender Distinctions,N3.7,3.7 宗教与文化传统实践,Religious and Cultural Practices,口语与私人交流,Spoken and Private Communication,none,我们老家守夜，以前男的守到十二点，女的四点起来做饭，这几年才改。,我们老家守夜，以前男的守到十二点，女的四点起来做饭，这几年才改。,KEEP,男的/女的,对旧俗的回忆性描述，且已说明变化,我们老家守夜以前分工不同，这几年才改,medium
NEG-0365,N3,三、制度性与统计性区分,Institutionally or Statistically Necessary Gender Distinctions,N3.7,3.7 宗教与文化传统实践,Religious and Cultural Practices,新闻报道,News Reporting,none,该寺院自去年起允许女性进入主殿参拜。,该寺院自去年起允许女性进入主殿参拜。,KEEP,女性,制度变迁的事实报道,该寺院自去年起放宽了参拜限制,medium
NEG-0366,N4,四、专有名词与固定名称,Proper Names and Fixed Designations,N4.1,4.1 法律法规,Laws and Regulations,公文与规章,Official and Regulatory Text,none,根据《女职工劳动保护特别规定》，您在孕期可以申请调岗。,根据《女职工劳动保护特别规定》，您在孕期可以申请调岗。,KEEP,女职工,法规名称与适用情形,根据相关劳动保护规定，您在孕期可以申请调岗,easy
NEG-0367,N4,四、专有名词与固定名称,Proper Names and Fixed Designations,N4.1,4.1 法律法规,Laws and Regulations,新闻报道,News Reporting,none,《妇女权益保障法》实施一周年，全国法院受理相关案件三千余件。,《妇女权益保障法》实施一周年，全国法院受理相关案件三千余件。,KEEP,妇女权益保障法,法律名称,该权益保障法实施一周年，全国法院受理三千余件,easy
NEG-0368,N4,四、专有名词与固定名称,Proper Names and Fixed Designations,N4.2,4.2 机构、组织与场所,"Institutions, Organizations, and Venues",医疗健康,Medical and Health,none,带我妈去了市妇幼，人是真多，建议七点前到。,带我妈去了市妇幼，人是真多，建议七点前到。,KEEP,妇幼,医院简称,带家人去了市医院，人是真多,easy
NEG-0369,N4,四、专有名词与固定名称,Proper Names and Fixed Designations,N4.2,4.2 机构、组织与场所,"Institutions, Organizations, and Venues",新闻报道,News Reporting,none,本次公开赛由中国女子高尔夫球协会协办。,本次公开赛由中国女子高尔夫球协会协办。,KEEP,女子高尔夫球协会,机构正式名称,本次公开赛由中国高尔夫球协会协办,easy
NEG-0372,N4,四、专有名词与固定名称,Proper Names and Fixed Designations,N4.4,4.4 节日与纪念日,Festivals and Commemorative Days,公文与规章,Official and Regulatory Text,none,三八节活动页已上线，女装类目全场满 300 减 50。,三八节活动页已上线，女装类目全场满 300 减 50。,KEEP,三八节/女装,节日与品类名称,节日活动页已上线，服装类目全场满 300 减 50,medium
NEG-0373,N4,四、专有名词与固定名称,Proper Names and Fixed Designations,N4.4,4.4 节日与纪念日,Festivals and Commemorative Days,口语与私人交流,Spoken and Private Communication,none,母亲节给我妈买了个按摩椅，她嘴上说浪费钱，天天坐。,母亲节给我妈买了个按摩椅，她嘴上说浪费钱，天天坐。,KEEP,母亲节/我妈/她,节日名称与具体人物,节日给家人买了个按摩椅,medium
NEG-0374,N4,四、专有名词与固定名称,Proper Names and Fixed Designations,N4.5,4.5 作品名与文化产品,Work Titles and Cultural Products,社交与社区,Social and Community,none,《我的天才女友》第四季完结了，看完有点空。,《我的天才女友》第四季完结了，看完有点空。,KEEP,我的天才女友,剧名,这部剧第四季完结了，看完有点空,easy
NEG-0375,N4,四、专有名词与固定名称,Proper Names and Fixed Designations,N4.5,4.5 作品名与文化产品,Work Titles and Cultural Products,新闻报道,News Reporting,none,《女人四十》修复版将于下月起在本院重映。,《女人四十》修复版将于下月起在本院重映。,KEEP,女人四十,片名,该片修复版将于下月起在本院重映,easy
NEG-0377,N4,四、专有名词与固定名称,Proper Names and Fixed Designations,N4.6,4.6 历史与制度术语,Historical and Institutional Terms,学术与调研,Academic and Research,none,典妻在部分地方志中有明确记载，是一种典型的人身依附安排。,典妻在部分地方志中有明确记载，是一种典型的人身依附安排。,KEEP,典妻,历史制度术语,这类旧俗在部分地方志中有明确记载,easy
NEG-0379,N4,四、专有名词与固定名称,Proper Names and Fixed Designations,N4.7,4.7 学术与批判性概念,Academic and Critical Concepts,商业与产品,Business and Product,none,报告用她经济概括这一轮消费结构的变化。,报告用她经济概括这一轮消费结构的变化。,KEEP,她经济,术语名称,报告用女性消费概括这一轮结构变化,medium
NEG-0380,N4,四、专有名词与固定名称,Proper Names and Fixed Designations,N4.8,4.8 品牌、产品与商业名称,"Brands, Products, and Commercial Names",公文与规章,Official and Regulatory Text,none,女士香水线的复购率比男士线高出近一倍。,女士香水线的复购率比男士线高出近一倍。,KEEP,女士线/男士线,产品线名称与经营数据,两条香水产品线的复购率差异接近一倍,medium
NEG-0381,N4,四、专有名词与固定名称,Proper Names and Fixed Designations,N4.8,4.8 品牌、产品与商业名称,"Brands, Products, and Commercial Names",公文与规章,Official and Regulatory Text,none,亲，这个链接是女款，男款在店铺首页第二栏哦。,亲，这个链接是女款，男款在店铺首页第二栏哦。,KEEP,女款/男款,商品分类导购信息,亲，这个链接是其中一款，另一款在首页第二栏,medium
NEG-0382,N5,五、引用与转述,Quotations and Reported Speech,N5.1,5.1 直接引语,Direct Quotations,社交与社区,Social and Community,none,我领导原话是：“女孩子干这行太辛苦。”我当场就笑了。,我领导原话是：“女孩子干这行太辛苦。”我当场就笑了。,KEEP,女孩子,引语属被批评的对象,我领导表达了对这一行辛苦程度的看法,hard
NEG-0383,N5,五、引用与转述,Quotations and Reported Speech,N5.1,5.1 直接引语,Direct Quotations,新闻报道,News Reporting,none,面对镜头，他只说了一句：“我对不起我老婆。”,面对镜头，他只说了一句：“我对不起我老婆。”,KEEP,我老婆,受访者原话,面对镜头，他表达了对家人的歉意,hard
NEG-0384,N5,五、引用与转述,Quotations and Reported Speech,N5.2,5.2 文献与史料,Documents and Historical Sources,学术与调研,Academic and Research,none,《颜氏家训》中“妇主中馈”一语，反映了当时的家庭分工观念。,《颜氏家训》中“妇主中馈”一语，反映了当时的家庭分工观念。,KEEP,妇主中馈,古籍原文引用,《颜氏家训》中的相关表述反映了当时的分工观念,medium
NEG-0386,N5,五、引用与转述,Quotations and Reported Speech,N5.3,5.3 法律与官方文书原件,Original Legal and Official Documents,法律与司法,Legal and Judicial,none,裁决书认定：“用人单位以女职工怀孕为由解除劳动合同，属违法解除。”,裁决书认定：“用人单位以女职工怀孕为由解除劳动合同，属违法解除。”,KEEP,女职工怀孕,裁决主文原文，且是保护性认定,裁决书认定该解除行为属违法解除,hard
NEG-0387,N5,五、引用与转述,Quotations and Reported Speech,N5.3,5.3 法律与官方文书原件,Original Legal and Official Documents,法律与司法,Legal and Judicial,none,起诉状引用的聊天记录原文为：“你一个女人能干什么。”,起诉状引用的聊天记录原文为：“你一个女人能干什么。”,KEEP,女人,证据原文，改写即毁证,起诉状称被告曾发表贬损性言论,hard
NEG-0388,N5,五、引用与转述,Quotations and Reported Speech,N5.4,5.4 研究与调查材料,Research and Survey Materials,学术与调研,Academic and Research,none,提纲第 4 题：作为女性管理者，您在晋升过程中遇到过哪些阻力？,提纲第 4 题：作为女性管理者，您在晋升过程中遇到过哪些阻力？,KEEP,女性管理者,题目原文，是研究设计的一部分,提纲第 4 题：您在晋升过程中遇到过哪些阻力？,hard
NEG-0389,N5,五、引用与转述,Quotations and Reported Speech,N5.4,5.4 研究与调查材料,Research and Survey Materials,学术与调研,Academic and Research,structured_text,性别字段编码：1＝男，2＝女，3＝其他，9＝缺失。,性别字段编码：1＝男，2＝女，3＝其他，9＝缺失。,KEEP,男/女/其他,编码规则文档,性别字段编码：1、2、3、9 分别对应不同取值,easy
NEG-0390,N5,五、引用与转述,Quotations and Reported Speech,N5.5,5.5 批判性转述与举例,Critical Reporting and Illustrative Examples,社交与社区,Social and Community,none,每次看到“为母则刚”这四个字我就来气。,每次看到“为母则刚”这四个字我就来气。,KEEP,为母则刚,转述并反对该说法,每次看到这类说法我就来气,hard
NEG-0391,N5,五、引用与转述,Quotations and Reported Speech,N5.5,5.5 批判性转述与举例,Critical Reporting and Illustrative Examples,社交与社区,Social and Community,none,本次拦截的评论中包含“女的开车就是不行”等歧视性表述。,本次拦截的评论中包含“女的开车就是不行”等歧视性表述。,KEEP,女的开车就是不行,违规样本的必要列举,本次拦截的评论中包含歧视性表述,hard
NEG-0392,N5,五、引用与转述,Quotations and Reported Speech,N5.6,5.6 二手转述与新闻报道,Secondary Reporting and News Coverage,新闻报道,News Reporting,none,据当事人描述，面试官直接问她三年内有没有生育计划。,据当事人描述，面试官直接问她三年内有没有生育计划。,KEEP,她/生育计划,歧视事实的具体呈现,据当事人描述，面试官询问了其个人规划,hard
NEG-0393,N5,五、引用与转述,Quotations and Reported Speech,N5.6,5.6 二手转述与新闻报道,Secondary Reporting and News Coverage,新闻报道,News Reporting,none,报道提到，该校招生简章曾写有“男生优先”字样，现已删除。,报道提到，该校招生简章曾写有“男生优先”字样，现已删除。,KEEP,男生优先,被批评对象的原文,报道提到该校招生简章曾有不当限制，现已删除,hard
NEG-0394,N6,六、自我认同与自称,Self-Identification and Self-Reference,N6.1,6.1 自我描述的性别标签,Self-Described Gender Labels,社交与社区,Social and Community,none,我就是个普通女生，没什么远大理想，就想把日子过好。,我就是个普通女生，没什么远大理想，就想把日子过好。,KEEP,女生,自我描述,我就是个普通人，没什么远大理想,hard
NEG-0395,N6,六、自我认同与自称,Self-Identification and Self-Reference,N6.1,6.1 自我描述的性别标签,Self-Described Gender Labels,口语与私人交流,Spoken and Private Communication,none,简介里我写的是“三个孩子的爹”，其实还兼职做木工。,简介里我写的是“三个孩子的爹”，其实还兼职做木工。,KEEP,爹,自选的自我介绍用语,简介里我写的是“三个孩子的家长”,hard
NEG-0397,N6,六、自我认同与自称,Self-Identification and Self-Reference,N6.2,6.2 主动声明的性别与代词,Explicit Gender and Pronoun Declarations,社交与社区,Social and Community,none,资料页填的是女，但我更希望大家直接叫我名字。,资料页填的是女，但我更希望大家直接叫我名字。,KEEP,女,本人的声明与偏好,资料页信息已填写，但我更希望大家叫我名字,medium
NEG-0398,N6,六、自我认同与自称,Self-Identification and Self-Reference,N6.3,6.3 社群内部用语,In-Group Community Terms,社交与社区,Social and Community,none,群规第一条：不问性别，不问年龄，只聊技术。,群规第一条：不问性别，不问年龄，只聊技术。,KEEP,性别,群规原文,群规第一条：不问个人信息，只聊技术,medium
NEG-0400,N6,六、自我认同与自称,Self-Identification and Self-Reference,N6.4,6.4 职业与身份的自我定位,Occupational and Identity Self-Positioning,文艺创作与评论,Literary and Cultural Writing,none,“我是个男的，但我确实喜欢做家务，这有什么问题吗？”,“我是个男的，但我确实喜欢做家务，这有什么问题吗？”,KEEP,男的,受访者自述，且句子在反驳刻板印象,“我确实喜欢做家务，这有什么问题吗？”,hard
NEG-0401,N6,六、自我认同与自称,Self-Identification and Self-Reference,N6.4,6.4 职业与身份的自我定位,Occupational and Identity Self-Positioning,文艺创作与评论,Literary and Cultural Writing,none,“作为一名女性货车司机，我跑了六年长途。”,“作为一名女性货车司机，我跑了六年长途。”,KEEP,女性货车司机,发言人自我定位,“作为一名货车司机，我跑了六年长途。”,hard
NEG-0403,N6,六、自我认同与自称,Self-Identification and Self-Reference,N6.5,6.5 艺名、网名、角色名,"Stage Names, Usernames, and Character Names",社交与社区,Social and Community,none,账号“厂妹阿香”已完成实名认证。,账号“厂妹阿香”已完成实名认证。,KEEP,厂妹阿香,用户自选账号名,账号“阿香”已完成实名认证,medium
NEG-0416,N7,七、语言本体层面的历史残留,Lexicalized and Historically Conventional Gender Forms,N7.1,7.1 字形理据,Orthographic Motivation,医疗健康,Medical and Health,none,“奶”字从女，本义指乳汁，与性别评价无关。,“奶”字从女，本义指乳汁，与性别评价无关。,KEEP,奶/女,文字学说明,该字的部首与其本义相关，与性别评价无关,medium
NEG-0417,N7,七、语言本体层面的历史残留,Lexicalized and Historically Conventional Gender Forms,N7.1,7.1 字形理据,Orthographic Motivation,学术与调研,Academic and Research,none,古汉语第三人称多用“其”“之”，本不区分性别。,古汉语第三人称多用“其”“之”，本不区分性别。,KEEP,第三人称/性别,语言史事实,古汉语第三人称多用“其”“之”,medium
NEG-0419,N7,七、语言本体层面的历史残留,Lexicalized and Historically Conventional Gender Forms,N7.2,7.2 敬语传统的中性化用法,Gender-Neutralized Traditional Honorifics,口语与私人交流,Spoken and Private Communication,dialect,在我们那儿，中学老师不管男女都叫“先生”。,在我们那儿，中学老师不管男女都叫“先生”。,KEEP,男女/先生,方言实况描述,在我们那儿，中学老师都叫“先生”,medium
NEG-0423,N7,七、语言本体层面的历史残留,Lexicalized and Historically Conventional Gender Forms,N7.4,7.4 语法性词汇,Grammaticalized Vocabulary,学术与调研,Academic and Research,none,英语的 chairman 带有性别色彩，中文的“主席”则没有。,英语的 chairman 带有性别色彩，中文的“主席”则没有。,KEEP,chairman/性别色彩,跨语言对比,英语相关职位词带有色彩差异，中文没有,medium
NEG-0426,N1,一、指称已知性别的具体个人,Specific Individuals of Known Gender,N1.2,1.2 人称代词,Personal Pronouns,医疗健康,Medical and Health,abbreviation,女，32，初诊,女，32，初诊,KEEP,女,病历表头的规范缩写,32 岁，初诊,medium
NEG-0427,N1,一、指称已知性别的具体个人,Specific Individuals of Known Gender,N1.1,1.1 姓名与社会称谓,Personal Names and Social Titles,公文与规章,Official and Regulatory Text,abbreviation,李女士 138****2210,李女士 138****2210,KEEP,李女士,联系人条目,客户 138****2210,medium
NEG-0428,N1,一、指称已知性别的具体个人,Specific Individuals of Known Gender,N1.3,1.3 血亲与姻亲称谓,Kinship and Affinal Terms,公文与规章,Official and Regulatory Text,structured_text,紧急联系人：其母,紧急联系人：其母,KEEP,其母,关系字段取值,紧急联系人：其家长,medium
NEG-0430,N1,一、指称已知性别的具体个人,Specific Individuals of Known Gender,N1.3,1.3 血亲与姻亲称谓,Kinship and Affinal Terms,口语与私人交流,Spoken and Private Communication,abbreviation,记得跟我妈说一声,记得跟我妈说一声,KEEP,我妈,口语短句,记得跟家里说一声,hard
NEG-0431,N1,一、指称已知性别的具体个人,Specific Individuals of Known Gender,N1.2,1.2 人称代词,Personal Pronouns,口语与私人交流,Spoken and Private Communication,abbreviation,她刚走，你晚了,她刚走，你晚了,KEEP,她,指称在场双方已知的具体某人,TA刚走，你晚了,hard
NEG-0432,N1,一、指称已知性别的具体个人,Specific Individuals of Known Gender,N1.5,1.5 社会角色中的具体个人,Specific Individuals in Social Roles,工程与技术,Engineering and Technology,abbreviation,被害人 女 22,被害人 女 22,KEEP,女,案件登记字段,被害人 22,medium
NEG-0433,N2,二、生理与医学必需,Biologically and Medically Necessary Gender Information,N2.1,2.1 生殖与生育,Reproduction and Childbearing,医疗健康,Medical and Health,abbreviation,孕 34w+2,孕 34w+2,KEEP,孕,产科通用缩写,34w+2,easy
NEG-0435,N2,二、生理与医学必需,Biologically and Medically Necessary Gender Information,N2.3,2.3 性别特异性器官与疾病,Sex-Specific Organs and Diseases,公文与规章,Official and Regulatory Text,abbreviation,前列腺 B 超,前列腺 B 超,KEEP,前列腺,检查项目名称,泌尿系 B 超,easy
NEG-0436,N2,二、生理与医学必需,Biologically and Medically Necessary Gender Information,N2.2,2.2 生理周期与内分泌,Menstrual Cycles and Endocrine Processes,工程与技术,Engineering and Technology,structured_text,雌二醇 E2：112 pmol/L,雌二醇 E2：112 pmol/L,KEEP,雌二醇,检验项目名称,激素 E2：112 pmol/L,easy
NEG-0438,N3,三、制度性与统计性区分,Institutionally or Statistically Necessary Gender Distinctions,N3.4,3.4 空间与设施,Spaces and Facilities,公文与规章,Official and Regulatory Text,abbreviation,妇科门诊 → 2 号楼,妇科门诊 → 2 号楼,KEEP,妇科,科室标识,专科门诊 → 2 号楼,easy
NEG-0441,N3,三、制度性与统计性区分,Institutionally or Statistically Necessary Gender Distinctions,N3.3,3.3 体育竞技分级,Sports Classification,工程与技术,Engineering and Technology,abbreviation,女子 100m 栏 SF,女子 100m 栏 SF,KEEP,女子,项目简称,100m 栏 SF,easy
NEG-0443,N3,三、制度性与统计性区分,Institutionally or Statistically Necessary Gender Distinctions,N3.1,3.1 法律与行政身份,Legal and Administrative Status,公文与规章,Official and Regulatory Text,structured_text,性别：○男 ○女 ○其他,性别：○男 ○女 ○其他,KEEP,男/女/其他,表单控件文本,性别：（请选择）,medium
NEG-0444,N3,三、制度性与统计性区分,Institutionally or Statistically Necessary Gender Distinctions,N3.1,3.1 法律与行政身份,Legal and Administrative Status,公文与规章,Official and Regulatory Text,structured_text,父/母 签字：________,父/母 签字：________,KEEP,父/母,签字栏字段,监护人 签字：________,medium
NEG-0445,N3,三、制度性与统计性区分,Institutionally or Statistically Necessary Gender Distinctions,N3.4,3.4 空间与设施,Spaces and Facilities,公文与规章,Official and Regulatory Text,abbreviation,女生宿舍 B 座,女生宿舍 B 座,KEEP,女生宿舍,建筑名称,学生宿舍 B 座,easy
NEG-0448,N4,四、专有名词与固定名称,Proper Names and Fixed Designations,N4.5,4.5 作品名与文化产品,Work Titles and Cultural Products,商业与产品,Business and Product,abbreviation,《女人花》- 梅艳芳,《女人花》- 梅艳芳,KEEP,女人花,歌名,《花》- 梅艳芳,easy
NEG-0449,N4,四、专有名词与固定名称,Proper Names and Fixed Designations,N4.7,4.7 学术与批判性概念,Academic and Critical Concepts,社交与社区,Social and Community,structured_text,#女性向游戏,#女性向游戏,KEEP,女性向,品类标签，是检索键,#游戏,medium
NEG-0450,N4,四、专有名词与固定名称,Proper Names and Fixed Designations,N4.8,4.8 品牌、产品与商业名称,"Brands, Products, and Commercial Names",商业与产品,Business and Product,abbreviation,老干妈 风味豆豉 280g,老干妈 风味豆豉 280g,KEEP,老干妈,商标,风味豆豉 280g,easy
NEG-0452,N5,五、引用与转述,Quotations and Reported Speech,N5.4,5.4 研究与调查材料,Research and Survey Materials,工程与技术,Engineering and Technology,structured_text,| 姓名 | 性别 | 出生日期 |,| 姓名 | 性别 | 出生日期 |,KEEP,性别,表格列名,| 姓名 | 出生日期 |,medium
NEG-0454,N6,六、自我认同与自称,Self-Identification and Self-Reference,N6.2,6.2 主动声明的性别与代词,Explicit Gender and Pronoun Declarations,口语与私人交流,Spoken and Private Communication,abbreviation,她/她的,她/她的,KEEP,她/她的,本人声明的代词,TA/TA的,hard
NEG-0456,N6,六、自我认同与自称,Self-Identification and Self-Reference,N6.5,6.5 艺名、网名、角色名,"Stage Names, Usernames, and Character Names",社交与社区,Social and Community,abbreviation,厂妹阿香,厂妹阿香,KEEP,厂妹,用户自选账号名,阿香,medium
NEG-0459,N8,八、假触发词（形似而非）,False Gender Triggers,N8.1,8.1 建筑与工程构件,Architectural and Engineering Components,工程与技术,Engineering and Technology,structured_text,女儿墙 h=1100,女儿墙 h=1100,KEEP,女儿墙,构件标注,矮墙 h=1100,medium
NEG-0460,N8,八、假触发词（形似而非）,False Gender Triggers,N8.2,8.2 机械电气与器件,"Mechanical, Electrical, and Device Terms",工程与技术,Engineering and Technology,structured_text,母线槽 400A ×2,母线槽 400A ×2,KEEP,母线槽,物料名称,汇流槽 400A ×2,medium
NEG-0461,N8,八、假触发词（形似而非）,False Gender Triggers,N8.2,8.2 机械电气与器件,"Mechanical, Electrical, and Device Terms",工程与技术,Engineering and Technology,structured_text,公头×2 母头×2,公头×2 母头×2,KEEP,公头/母头,规格字段,接头×4,medium
NEG-0462,N8,八、假触发词（形似而非）,False Gender Triggers,N8.3,8.3 生物农业与育种,"Biology, Agriculture, and Breeding Terms",工程与技术,Engineering and Technology,structured_text,父本：郑单958,父本：郑单958,KEEP,父本,育种字段,亲本一：郑单958,medium
NEG-0463,N8,八、假触发词（形似而非）,False Gender Triggers,N8.4,8.4 计算机与数学,Computing and Mathematics Terms,工程与技术,Engineering and Technology,structured_text,class Dog(父类Animal),class Dog(父类Animal),KEEP,父类,代码注释,class Dog(基类Animal),medium
NEG-0465,N8,八、假触发词（形似而非）,False Gender Triggers,N8.5,8.5 组织与商业术语,Organizational and Commercial Terms,工程与技术,Engineering and Technology,structured_text,母带_v3_final.wav,母带_v3_final.wav,KEEP,母带,文件名,原始音轨_v3_final.wav,medium
NEG-0466,N8,八、假触发词（形似而非）,False Gender Triggers,N8.5,8.5 组织与商业术语,Organizational and Commercial Terms,商业与产品,Business and Product,structured_text,母公司：XX控股集团,母公司：XX控股集团,KEEP,母公司,工商字段,控股方：XX控股集团,medium
NEG-0467,N8,八、假触发词（形似而非）,False Gender Triggers,N8.5,8.5 组织与商业术语,Organizational and Commercial Terms,商业与产品,Business and Product,abbreviation,母校校庆 30 周年,母校校庆 30 周年,KEEP,母校,活动名称,学校校庆 30 周年,easy
NEG-0468,N8,八、假触发词（形似而非）,False Gender Triggers,N8.7,8.7 专名、地名与商标,"Proper Names, Place Names, and Trademarks",工程与技术,Engineering and Technology,abbreviation,娘子关站,娘子关站,KEEP,娘子关,站名,关口站,easy
NEG-0471,N8,八、假触发词（形似而非）,False Gender Triggers,N8.3,8.3 生物农业与育种,"Biology, Agriculture, and Breeding Terms",工程与技术,Engineering and Technology,abbreviation,雌雄异株 · 银杏,雌雄异株 · 银杏,KEEP,雌雄异株,植物学标签,单性花 · 银杏,medium
NEG-0475,N1,一、指称已知性别的具体个人,Specific Individuals of Known Gender,N1.4,1.4 伴侣与恋爱关系,Partners and Romantic Relationships,口语与私人交流,Spoken and Private Communication,emoji,我女朋友说她马上到🚗 你们先点菜吧！,我女朋友说她马上到🚗 你们先点菜吧！,KEEP,女朋友/她,含表情符号的真实聊天文本,我伴侣说TA马上到🚗 你们先点菜吧,hard
NEG-0476,N1,一、指称已知性别的具体个人,Specific Individuals of Known Gender,N1.3,1.3 血亲与姻亲称谓,Kinship and Affinal Terms,社交与社区,Social and Community,pinyin_abbreviation,我妈也太可爱了吧，刚学会发语音就一直发 xswl,我妈也太可爱了吧，刚学会发语音就一直发 xswl,KEEP,我妈,含网络缩写的口语文本,我家长也太可爱了吧,hard
NEG-0477,N1,一、指称已知性别的具体个人,Specific Individuals of Known Gender,N1.3,1.3 血亲与姻亲称谓,Kinship and Affinal Terms,社交与社区,Social and Community,typo,我姐夫开了个汽修长生意还行就是最近淡季有点难做,我姐夫开了个汽修长生意还行就是最近淡季有点难做,KEEP,我姐夫,含错别字与缺标点的真实 UGC,我亲戚开了个汽修厂，生意还行,hard
NEG-0478,N1,一、指称已知性别的具体个人,Specific Individuals of Known Gender,N1.2,1.2 人称代词,Personal Pronouns,工程与技术,Engineering and Technology,asr_transcription,患者女五十八岁因反复头晕两周入院她自述近期血压波动较大,患者女五十八岁因反复头晕两周入院她自述近期血压波动较大,KEEP,女/她,语音录入的病历初稿，无标点,患者五十八岁因反复头晕两周入院,hard
NEG-0479,N1,一、指称已知性别的具体个人,Specific Individuals of Known Gender,N1.1,1.1 姓名与社会称谓,Personal Names and Social Titles,学术与调研,Academic and Research,ocr_line_break,李女士 于 本月 十二 日 到 我 处 咨 询,李女士 于 本月 十二 日 到 我 处 咨 询,KEEP,李女士,OCR 输出的异常空格,客户 于 本月 十二 日 到 我 处 咨 询,hard
NEG-0480,N1,一、指称已知性别的具体个人,Specific Individuals of Known Gender,N1.1,1.1 姓名与社会称谓,Personal Names and Social Titles,口语与私人交流,Spoken and Private Communication,irregular_spacing,李  女士     打算 明天  去 学校,李  女士     打算 明天  去 学校,KEEP,李女士,含多余空格的粘贴文本,李某某 打算 明天 去 学校,hard
NEG-0482,N1,一、指称已知性别的具体个人,Specific Individuals of Known Gender,N1.3,1.3 血亲与姻亲称谓,Kinship and Affinal Terms,口语与私人交流,Spoken and Private Communication,dialect,俺娘做的浆面条，出去吃啥都不是那个味儿。,俺娘做的浆面条，出去吃啥都不是那个味儿。,KEEP,俺娘,方言亲属称谓,我家长做的浆面条,hard
NEG-0483,N1,一、指称已知性别的具体个人,Specific Individuals of Known Gender,N1.4,1.4 伴侣与恋爱关系,Partners and Romantic Relationships,口语与私人交流,Spoken and Private Communication,dialect,我老婆話佢開完會就過嚟，你哋唔使等。,我老婆話佢開完會就過嚟，你哋唔使等。,KEEP,我老婆/佢,粤语书面文本,我伴侶話佢開完會就過嚟,hard
NEG-0484,N1,一、指称已知性别的具体个人,Specific Individuals of Known Gender,N1.2,1.2 人称代词,Personal Pronouns,社交与社区,Social and Community,repeated_punctuation,她真的太强了！！！全组唯一会开叉车的女生,她真的太强了！！！全组唯一会开叉车的女生,KEEP,她/女生,含情绪化标点的 UGC,这个人真的太强了！！！,hard
NEG-0485,N2,二、生理与医学必需,Biologically and Medically Necessary Gender Information,N2.1,2.1 生殖与生育,Reproduction and Childbearing,工程与技术,Engineering and Technology,asr_transcription,孕三十二周胎位臀先露建议两周后复查再定分娩方式,孕三十二周胎位臀先露建议两周后复查再定分娩方式,KEEP,孕/胎位,口述病历的转写稿,三十二周复查后再定方案,hard
NEG-0486,N2,二、生理与医学必需,Biologically and Medically Necessary Gender Information,N2.2,2.2 生理周期与内分泌,Menstrual Cycles and Endocrine Processes,社交与社区,Social and Community,typo,例假推迟十天了侧了没怀孕是不是内分秘失调,例假推迟十天了侧了没怀孕是不是内分秘失调,KEEP,例假/怀孕,含错别字的用户提问,周期推迟十天了，检测结果正常,hard
NEG-0487,N2,二、生理与医学必需,Biologically and Medically Necessary Gender Information,N2.3,2.3 性别特异性器官与疾病,Sex-Specific Organs and Diseases,学术与调研,Academic and Research,ocr_line_break,建议 50 岁以 上男性每年 进行前列腺 特异性抗原检 测,建议 50 岁以 上男性每年 进行前列腺 特异性抗原检 测,KEEP,男性/前列腺,OCR 断行后的文本,建议 50 岁以上人群每年进行相关检测,hard
NEG-0488,N2,二、生理与医学必需,Biologically and Medically Necessary Gender Information,N2.1,2.1 生殖与生育,Reproduction and Childbearing,社交与社区,Social and Community,emoji,备孕大半年终于测到两条杠了🥹 手抖到拿不稳,备孕大半年终于测到两条杠了🥹 手抖到拿不稳,KEEP,备孕,含表情的经历分享,准备大半年终于有结果了🥹,medium
NEG-0491,N3,三、制度性与统计性区分,Institutionally or Statistically Necessary Gender Distinctions,N3.5,3.5 统计、监测与研究,"Statistics, Monitoring, and Research",学术与调研,Academic and Research,ocr_line_break,男性 72034 万 人 女性 68935 万人,男性 72034 万 人 女性 68935 万人,KEEP,男性/女性,OCR 输出的统计表文本,总人口 140969 万人,medium
NEG-0492,N3,三、制度性与统计性区分,Institutionally or Statistically Necessary Gender Distinctions,N3.3,3.3 体育竞技分级,Sports Classification,社交与社区,Social and Community,internet_slang,女子举重这把绝了！！最后一举直接翻盘 yyds,女子举重这把绝了！！最后一举直接翻盘 yyds,KEEP,女子,含网络流行语的弹幕,举重这把绝了！！,medium
NEG-0494,N4,四、专有名词与固定名称,Proper Names and Fixed Designations,N4.2,4.2 机构、组织与场所,"Institutions, Organizations, and Venues",医疗健康,Medical and Health,typo,带我妈去了市妇幻，人是真多，建议早点去,带我妈去了市妇幻，人是真多，建议早点去,KEEP,妇幼,含错别字的口语分享,带家人去了市医院，人是真多,hard
NEG-0496,N5,五、引用与转述,Quotations and Reported Speech,N5.1,5.1 直接引语,Direct Quotations,工程与技术,Engineering and Technology,asr_transcription,他在电话里说家里女人多事就多记者随后追问了这句话,他在电话里说家里女人多事就多记者随后追问了这句话,KEEP,女人,访谈录音的转写稿，无引号,他在电话里抱怨家里事务繁多,hard
NEG-0497,N5,五、引用与转述,Quotations and Reported Speech,N5.5,5.5 批判性转述与举例,Critical Reporting and Illustrative Examples,社交与社区,Social and Community,repeated_punctuation,又是那句「为母则刚」！！！听一次烦一次,又是那句「为母则刚」！！！听一次烦一次,KEEP,为母则刚,转述并反对该说法,又是那类说法！！！听一次烦一次,hard
NEG-0498,N5,五、引用与转述,Quotations and Reported Speech,N5.6,5.6 二手转述与新闻报道,Secondary Reporting and News Coverage,社交与社区,Social and Community,emoji,面试官问她三年内有没有生育计划🙃 这也能问？,面试官问她三年内有没有生育计划🙃 这也能问？,KEEP,她/生育计划,转述歧视事实,面试官问了个人规划🙃 这也能问？,hard
NEG-0499,N6,六、自我认同与自称,Self-Identification and Self-Reference,N6.1,6.1 自我描述的性别标签,Self-Described Gender Labels,社交与社区,Social and Community,internet_slang,我就是个普通女生 没啥大志向 就想搞钱 lol,我就是个普通女生 没啥大志向 就想搞钱 lol,KEEP,女生,自我描述，含网络语体,我就是个普通人 没啥大志向,hard
NEG-0500,N6,六、自我认同与自称,Self-Identification and Self-Reference,N6.2,6.2 主动声明的性别与代词,Explicit Gender and Pronoun Declarations,口语与私人交流,Spoken and Private Communication,mixed_full_half_width,李某某（她／她的）｜产品部｜分机８１０２,李某某（她／她的）｜产品部｜分机８１０２,KEEP,她／她的,本人声明的代词，全半角混排,李某某（TA／TA的）｜产品部,hard
NEG-0502,N6,六、自我认同与自称,Self-Identification and Self-Reference,N6.4,6.4 职业与身份的自我定位,Occupational and Identity Self-Positioning,文艺创作与评论,Literary and Cultural Writing,asr_transcription,作为一个男幼师我最常被问的就是你怎么会想干这行,作为一个男幼师我最常被问的就是你怎么会想干这行,KEEP,男幼师,口述内容的字幕转写,作为一名幼师我最常被问的就是……,hard
NEG-0509,N8,八、假触发词（形似而非）,False Gender Triggers,N8.1,8.1 建筑与工程构件,Architectural and Engineering Components,工程与技术,Engineering and Technology,typo,女儿强防水又漏了 明天安排人重新做一遍卷才,女儿强防水又漏了 明天安排人重新做一遍卷才,KEEP,女儿墙,含错别字的现场沟通文本,矮墙防水又漏了,hard
NEG-0510,N8,八、假触发词（形似而非）,False Gender Triggers,N8.2,8.2 机械电气与器件,"Mechanical, Electrical, and Device Terms",工程与技术,Engineering and Technology,mixed_full_half_width,母线排需重新压接，规格４００Ａ，数量２。,母线排需重新压接，规格４００Ａ，数量２。,KEEP,母线排,全半角混排的工单,汇流排需重新压接，规格４００Ａ,medium
NEG-0511,N8,八、假触发词（形似而非）,False Gender Triggers,N8.3,8.3 生物农业与育种,"Biology, Agriculture, and Breeding Terms",口语与私人交流,Spoken and Private Communication,dialect,俺家那头老母猪下了十二个崽，活了十一个。,俺家那头老母猪下了十二个崽，活了十一个。,KEEP,老母猪,方言养殖口语,俺家那头猪下了十二个崽,medium
NEG-0512,N8,八、假触发词（形似而非）,False Gender Triggers,N8.4,8.4 计算机与数学,Computing and Mathematics Terms,工程与技术,Engineering and Technology,pinyin_abbreviation,父类那个方法被覆盖了，dbq 我改的时候没注意,父类那个方法被覆盖了，dbq 我改的时候没注意,KEEP,父类,含网络缩写的技术沟通,基类那个方法被覆盖了,medium
NEG-0513,N8,八、假触发词（形似而非）,False Gender Triggers,N8.5,8.5 组织与商业术语,Organizational and Commercial Terms,公文与规章,Official and Regulatory Text,asr_transcription,母公司对子公司的担保需要经过董事会决议这条要写进纪要,母公司对子公司的担保需要经过董事会决议这条要写进纪要,KEEP,母公司/子公司,会议录音转写稿,控股公司对下属公司的担保需董事会决议,medium
NEG-0515,N8,八、假触发词（形似而非）,False Gender Triggers,N8.7,8.7 专名、地名与商标,"Proper Names, Place Names, and Trademarks",社交与社区,Social and Community,traditional_chinese,娘子關的城樓修得很完整，值得專程去一趟。,娘子關的城樓修得很完整，值得專程去一趟。,KEEP,娘子關,繁体游记中的地名,這處關隘的城樓修得很完整,medium
NEG-0517,N8,八、假触发词（形似而非）,False Gender Triggers,N8.7,8.7 专名、地名与商标,"Proper Names, Place Names, and Trademarks",社交与社区,Social and Community,typo,老干妈还是那个味儿 就是玻璃瓶太重了有点亏运废,老干妈还是那个味儿 就是玻璃瓶太重了有点亏运废,KEEP,老干妈,含错别字的商品评价,这个牌子还是那个味儿,medium
NEG-0519,N1,一、指称已知性别的具体个人,Specific Individuals of Known Gender,N1.1,1.1 姓名与社会称谓,Personal Names and Social Titles,规范示例（基线）,Normative Baseline Examples,none,李女士打算明天去一下学校，她儿子在学校获奖了。,李女士打算明天去一下学校，她儿子在学校获奖了。,KEEP,李女士 / 她 / 儿子,指称特定已知个体，性别是事实记录而非预设,李某某打算明天去一下学校，其子女在学校获奖了,hard
NEG-0520,N1,一、指称已知性别的具体个人,Specific Individuals of Known Gender,N1.1,1.1 姓名与社会称谓,Personal Names and Social Titles,规范示例（基线）,Normative Baseline Examples,none,张经理已批准这份预算，她下周一回办公室。,张经理已批准这份预算，她下周一回办公室。,KEEP,张经理 / 她,职务称谓本身中性，代词指向具体个人,张经理已批准这份预算，TA下周一回办公室,medium
NEG-0521,N1,一、指称已知性别的具体个人,Specific Individuals of Known Gender,N1.1,1.1 姓名与社会称谓,Personal Names and Social Titles,规范示例（基线）,Normative Baseline Examples,none,请转告陈教授，他的讲座改到周四。,请转告陈教授，他的讲座改到周四。,KEEP,他,特指某位教授，非泛指,请转告陈教授，其讲座改到周四,medium
NEG-0522,N1,一、指称已知性别的具体个人,Specific Individuals of Known Gender,N1.1,1.1 姓名与社会称谓,Personal Names and Social Titles,规范示例（基线）,Normative Baseline Examples,none,王先生是这套房子的登记产权人。,王先生是这套房子的登记产权人。,KEEP,王先生,法律语境中的当事人称谓，须与登记信息一致,王某是这套房子的登记产权人,easy
NEG-0524,N1,一、指称已知性别的具体个人,Specific Individuals of Known Gender,N1.1,1.1 姓名与社会称谓,Personal Names and Social Titles,规范示例（基线）,Normative Baseline Examples,none,武则天是中国历史上唯一的女皇帝。,武则天是中国历史上唯一的女皇帝。,KEEP,女皇帝,历史事实陈述，“女”是史实要点而非冗余标记,武则天是中国历史上的一位皇帝,medium
NEG-0526,N1,一、指称已知性别的具体个人,Specific Individuals of Known Gender,N1.2,1.2 人称代词,Personal Pronouns,规范示例（基线）,Normative Baseline Examples,none,她本人已经签署了知情同意书。,她本人已经签署了知情同意书。,KEEP,她,特指患者本人，医疗文书须准确,该人本人已经签署了知情同意书,medium
NEG-0527,N1,一、指称已知性别的具体个人,Specific Individuals of Known Gender,N1.2,1.2 人称代词,Personal Pronouns,规范示例（基线）,Normative Baseline Examples,none,他们三兄弟一起接手了家里的生意。,他们三兄弟一起接手了家里的生意。,KEEP,他们 / 兄弟,确为三名男性，复数代词与事实相符,他们三人一起接手了家里的生意,medium
NEG-0529,N1,一、指称已知性别的具体个人,Specific Individuals of Known Gender,N1.3,1.3 血亲与姻亲称谓,Kinship and Affinal Terms,规范示例（基线）,Normative Baseline Examples,none,我妈今年六十岁，还坚持每天晨跑。,我妈今年六十岁，还坚持每天晨跑。,KEEP,我妈,亲属关系的准确描述,我的家长今年六十岁，还坚持每天晨跑,easy
NEG-0531,N1,一、指称已知性别的具体个人,Specific Individuals of Known Gender,N1.3,1.3 血亲与姻亲称谓,Kinship and Affinal Terms,规范示例（基线）,Normative Baseline Examples,none,我丈夫负责接送孩子上下学。,我丈夫负责接送孩子上下学。,KEEP,丈夫,陈述本人家庭的实际分工，非规定性表述,我的配偶负责接送孩子上下学,hard
NEG-0532,N1,一、指称已知性别的具体个人,Specific Individuals of Known Gender,N1.3,1.3 血亲与姻亲称谓,Kinship and Affinal Terms,规范示例（基线）,Normative Baseline Examples,none,这份遗嘱由被继承人的女儿保管。,这份遗嘱由被继承人的女儿保管。,KEEP,女儿,继承法律关系中的身份必须精确,这份遗嘱由被继承人的子女保管,easy
NEG-0533,N1,一、指称已知性别的具体个人,Specific Individuals of Known Gender,N1.3,1.3 血亲与姻亲称谓,Kinship and Affinal Terms,规范示例（基线）,Normative Baseline Examples,none,我姐夫开了一家汽修厂。,我姐夫开了一家汽修厂。,KEEP,姐夫,姻亲称谓无中性对应词，替换即失真,我的亲戚开了一家汽修厂,medium
NEG-0534,N1,一、指称已知性别的具体个人,Specific Individuals of Known Gender,N1.3,1.3 血亲与姻亲称谓,Kinship and Affinal Terms,规范示例（基线）,Normative Baseline Examples,none,她奶奶生前住在城南。,她奶奶生前住在城南。,KEEP,奶奶,特指父系祖母，与“外婆”有别,她的祖辈生前住在城南,medium
NEG-0535,N1,一、指称已知性别的具体个人,Specific Individuals of Known Gender,N1.4,1.4 伴侣与恋爱关系,Partners and Romantic Relationships,规范示例（基线）,Normative Baseline Examples,none,我的女朋友打电话说她很快会回来。,我的女朋友打电话说她很快会回来。,KEEP,女朋友 / 她,当事人对自身亲密关系的准确描述,我的伴侣打电话说TA很快会回来,hard
NEG-0536,N1,一、指称已知性别的具体个人,Specific Individuals of Known Gender,N1.4,1.4 伴侣与恋爱关系,Partners and Romantic Relationships,规范示例（基线）,Normative Baseline Examples,none,前妻负责孩子周末的照料。,前妻负责孩子周末的照料。,KEEP,前妻,离婚后抚养安排的事实陈述,前任配偶负责孩子周末的照料,medium
NEG-0537,N1,一、指称已知性别的具体个人,Specific Individuals of Known Gender,N1.4,1.4 伴侣与恋爱关系,Partners and Romantic Relationships,规范示例（基线）,Normative Baseline Examples,none,他和未婚妻定在十月办婚礼。,他和未婚妻定在十月办婚礼。,KEEP,未婚妻,特定关系的既有称谓,他和未婚伴侣定在十月办婚礼,easy
NEG-0538,N1,一、指称已知性别的具体个人,Specific Individuals of Known Gender,N1.5,1.5 社会角色中的具体个人,Specific Individuals in Social Roles,规范示例（基线）,Normative Baseline Examples,none,我们班主任是位女老师，姓刘。,我们班主任是位女老师，姓刘。,KEEP,女老师,介绍具体某人的基本情况，非对职业加性别限定,我们班主任是位老师，姓刘,hard
NEG-0539,N1,一、指称已知性别的具体个人,Specific Individuals of Known Gender,N1.5,1.5 社会角色中的具体个人,Specific Individuals in Social Roles,规范示例（基线）,Normative Baseline Examples,none,证人陈述时，其母亲在庭外等候。,证人陈述时，其母亲在庭外等候。,KEEP,母亲,庭审记录中的在场人员身份,证人陈述时，其家长在庭外等候,easy
NEG-0540,N1,一、指称已知性别的具体个人,Specific Individuals of Known Gender,N1.5,1.5 社会角色中的具体个人,Specific Individuals in Social Roles,规范示例（基线）,Normative Baseline Examples,none,被害人为一名 14 岁女性，案发时独自在家。,被害人为一名 14 岁女性，案发时独自在家。,KEEP,女性,刑事案件中被害人性别是案情要素,被害人为一名 14 岁未成年人，案发时独自在家,easy
NEG-0541,N2,二、生理与医学必需,Biologically and Medically Necessary Gender Information,N2.1,2.1 生殖与生育,Reproduction and Childbearing,规范示例（基线）,Normative Baseline Examples,none,孕妇应在妊娠 24 至 28 周完成口服葡萄糖耐量试验。,孕妇应在妊娠 24 至 28 周完成口服葡萄糖耐量试验。,KEEP,孕妇 / 妊娠,妊娠为生理事实，是该项检查的适应证,孕育者应在妊娠 24 至 28 周完成口服葡萄糖耐量试验,easy
NEG-0542,N2,二、生理与医学必需,Biologically and Medically Necessary Gender Information,N2.1,2.1 生殖与生育,Reproduction and Childbearing,规范示例（基线）,Normative Baseline Examples,none,剖宫产术后需持续观察子宫收缩及阴道出血情况。,剖宫产术后需持续观察子宫收缩及阴道出血情况。,KEEP,子宫 / 剖宫产,解剖学与术式名称，无替代表述,术后需持续观察相关器官收缩及出血情况,easy
NEG-0543,N2,二、生理与医学必需,Biologically and Medically Necessary Gender Information,N2.1,2.1 生殖与生育,Reproduction and Childbearing,规范示例（基线）,Normative Baseline Examples,none,该药物在妊娠期及哺乳期妇女中禁用。,该药物在妊娠期及哺乳期妇女中禁用。,KEEP,妊娠期 / 哺乳期妇女,药品说明书法定表述，涉及用药安全,该药物在特定生理期人群中禁用,easy
NEG-0544,N2,二、生理与医学必需,Biologically and Medically Necessary Gender Information,N2.1,2.1 生殖与生育,Reproduction and Childbearing,规范示例（基线）,Normative Baseline Examples,none,精子浓度低于 1500 万/毫升提示男性因素不育。,精子浓度低于 1500 万/毫升提示男性因素不育。,KEEP,精子 / 男性,生育力评估的临床指标,精子浓度低于 1500 万/毫升提示相关因素不育,easy
NEG-0545,N2,二、生理与医学必需,Biologically and Medically Necessary Gender Information,N2.2,2.2 生理周期与内分泌,Menstrual Cycles and Endocrine Processes,规范示例（基线）,Normative Baseline Examples,none,患者主诉停经三个月，建议完善妊娠试验。,患者主诉停经三个月，建议完善妊娠试验。,KEEP,停经 / 妊娠,主诉与鉴别诊断路径,患者主诉月经异常三个月，建议完善相关检查,easy
NEG-0547,N2,二、生理与医学必需,Biologically and Medically Necessary Gender Information,N2.2,2.2 生理周期与内分泌,Menstrual Cycles and Endocrine Processes,规范示例（基线）,Normative Baseline Examples,none,围绝经期女性的骨量流失速度显著加快。,围绝经期女性的骨量流失速度显著加快。,KEEP,绝经期 / 女性,生理阶段与人群的对应关系是医学结论本身,围绝经期人群的骨量流失速度显著加快,medium
NEG-0548,N2,二、生理与医学必需,Biologically and Medically Necessary Gender Information,N2.3,2.3 性别特异性器官与疾病,Sex-Specific Organs and Diseases,规范示例（基线）,Normative Baseline Examples,none,多囊卵巢综合征常伴有胰岛素抵抗和高雄激素血症。,多囊卵巢综合征常伴有胰岛素抵抗和高雄激素血症。,KEEP,卵巢 / 雄激素,疾病名称与病理机制,该综合征常伴有胰岛素抵抗和激素异常,easy
NEG-0549,N2,二、生理与医学必需,Biologically and Medically Necessary Gender Information,N2.3,2.3 性别特异性器官与疾病,Sex-Specific Organs and Diseases,规范示例（基线）,Normative Baseline Examples,none,乳腺癌在男性中亦有发生，约占全部病例的百分之一。,乳腺癌在男性中亦有发生，约占全部病例的百分之一。,KEEP,男性,流行病学事实，删去性别则命题不成立,乳腺癌在各类人群中均有发生，约占全部病例的百分之一,medium
NEG-0550,N2,二、生理与医学必需,Biologically and Medically Necessary Gender Information,N2.3,2.3 性别特异性器官与疾病,Sex-Specific Organs and Diseases,规范示例（基线）,Normative Baseline Examples,none,男性型脱发与毛囊对双氢睾酮的敏感性有关。,男性型脱发与毛囊对双氢睾酮的敏感性有关。,KEEP,男性型脱发,疾病的规范命名,脱发与毛囊对双氢睾酮的敏感性有关,medium
NEG-0551,N2,二、生理与医学必需,Biologically and Medically Necessary Gender Information,N2.4,2.4 药理与诊疗差异,Pharmacological and Clinical Differences,规范示例（基线）,Normative Baseline Examples,none,本院血红蛋白参考值按男性、女性分别列出。,本院血红蛋白参考值按男性、女性分别列出。,KEEP,男性 / 女性,检验参考区间按生理性别分层是临床规范,本院血红蛋白参考值统一列出,easy
NEG-0552,N2,二、生理与医学必需,Biologically and Medically Necessary Gender Information,N2.5,2.5 性别确认医疗与性健康,Gender-Affirming Care and Sexual Health,规范示例（基线）,Normative Baseline Examples,none,该受试者正在接受性别确认激素治疗，入组前需评估基线肝功能。,该受试者正在接受性别确认激素治疗，入组前需评估基线肝功能。,KEEP,性别确认激素治疗,治疗方案名称，且属受试者本人的医疗事实,该受试者正在接受激素治疗，入组前需评估基线肝功能,medium
NEG-0553,N2,二、生理与医学必需,Biologically and Medically Necessary Gender Information,N2.6,2.6 鉴定与研究场景,Identification and Research Contexts,规范示例（基线）,Normative Baseline Examples,none,法医依据骨盆形态及耻骨联合特征判断死者为女性。,法医依据骨盆形态及耻骨联合特征判断死者为女性。,KEEP,女性,法医学鉴定结论,法医依据骨盆形态及耻骨联合特征作出个体识别,easy
NEG-0554,N2,二、生理与医学必需,Biologically and Medically Necessary Gender Information,N2.6,2.6 鉴定与研究场景,Identification and Research Contexts,规范示例（基线）,Normative Baseline Examples,none,本研究对用药依从性进行了性别分层分析。,本研究对用药依从性进行了性别分层分析。,KEEP,性别分层,研究方法学表述,本研究对用药依从性进行了亚组分析,easy
NEG-0555,N3,三、制度性与统计性区分,Institutionally or Statistically Necessary Gender Distinctions,N3.1,3.1 法律与行政身份,Legal and Administrative Status,规范示例（基线）,Normative Baseline Examples,none,身份证信息项包括姓名、性别、民族、出生日期及住址。,身份证信息项包括姓名、性别、民族、出生日期及住址。,KEEP,性别,法定登记项目名称,身份证信息项包括姓名、民族、出生日期及住址,easy
NEG-0556,N3,三、制度性与统计性区分,Institutionally or Statistically Necessary Gender Distinctions,N3.1,3.1 法律与行政身份,Legal and Administrative Status,规范示例（基线）,Normative Baseline Examples,none,当事人已完成法律性别变更登记，档案应同步更新。,当事人已完成法律性别变更登记，档案应同步更新。,KEEP,法律性别变更,行政程序名称，且是保障当事人权益的必要表述,当事人已完成信息变更登记，档案应同步更新,medium
NEG-0557,N3,三、制度性与统计性区分,Institutionally or Statistically Necessary Gender Distinctions,N3.2,3.2 劳动与社会保障,Employment and Social Security,规范示例（基线）,Normative Baseline Examples,none,女职工在孕期不得安排从事第三级体力劳动强度的工作。,女职工在孕期不得安排从事第三级体力劳动强度的工作。,KEEP,女职工 / 孕期,劳动保护条款的法定适用对象,职工在孕期不得安排从事第三级体力劳动强度的工作,medium
NEG-0559,N3,三、制度性与统计性区分,Institutionally or Statistically Necessary Gender Distinctions,N3.2,3.2 劳动与社会保障,Employment and Social Security,规范示例（基线）,Normative Baseline Examples,none,现行规定中女性干部的法定退休年龄为 55 周岁。,现行规定中女性干部的法定退休年龄为 55 周岁。,KEEP,女性干部,陈述现行制度，属描述而非主张,现行规定中干部的法定退休年龄为 55 周岁,medium
NEG-0560,N3,三、制度性与统计性区分,Institutionally or Statistically Necessary Gender Distinctions,N3.3,3.3 体育竞技分级,Sports Classification,规范示例（基线）,Normative Baseline Examples,none,本届赛事新增女子拳击 60 公斤级项目。,本届赛事新增女子拳击 60 公斤级项目。,KEEP,女子,竞赛项目的正式分级名称,本届赛事新增拳击 60 公斤级项目,easy
NEG-0563,N3,三、制度性与统计性区分,Institutionally or Statistically Necessary Gender Distinctions,N3.3,3.3 体育竞技分级,Sports Classification,规范示例（基线）,Normative Baseline Examples,none,该项世界纪录男子组与女子组分别统计。,该项世界纪录男子组与女子组分别统计。,KEEP,男子组 / 女子组,纪录统计口径,该项世界纪录统一统计,easy
NEG-0566,N3,三、制度性与统计性区分,Institutionally or Statistically Necessary Gender Distinctions,N3.4,3.4 空间与设施,Spaces and Facilities,规范示例（基线）,Normative Baseline Examples,none,女子监狱应当配备女性管教人员。,女子监狱应当配备女性管教人员。,KEEP,女子监狱 / 女性管教,监所管理的法定要求,监狱应当配备管教人员,easy
NEG-0567,N3,三、制度性与统计性区分,Institutionally or Statistically Necessary Gender Distinctions,N3.5,3.5 统计、监测与研究,"Statistics, Monitoring, and Research",规范示例（基线）,Normative Baseline Examples,none,2023 年该地区出生人口性别比为 108.3。,2023 年该地区出生人口性别比为 108.3。,KEEP,性别比,统计指标名称，是人口监测核心变量,2023 年该地区出生人口结构指标为 108.3,easy
NEG-0568,N3,三、制度性与统计性区分,Institutionally or Statistically Necessary Gender Distinctions,N3.5,3.5 统计、监测与研究,"Statistics, Monitoring, and Research",规范示例（基线）,Normative Baseline Examples,none,该国男性自杀率约为女性的两倍。,该国男性自杀率约为女性的两倍。,KEEP,男性 / 女性,公共卫生统计结论，性别差异即结论本身,该国不同人群的自杀率存在差异,medium
NEG-0569,N3,三、制度性与统计性区分,Institutionally or Statistically Necessary Gender Distinctions,N3.5,3.5 统计、监测与研究,"Statistics, Monitoring, and Research",规范示例（基线）,Normative Baseline Examples,none,性别薪酬差距在管理岗位上尤为明显。,性别薪酬差距在管理岗位上尤为明显。,KEEP,性别薪酬差距,研究议题名称，删去即取消议题,薪酬差距在管理岗位上尤为明显,medium
NEG-0570,N3,三、制度性与统计性区分,Institutionally or Statistically Necessary Gender Distinctions,N3.5,3.5 统计、监测与研究,"Statistics, Monitoring, and Research",规范示例（基线）,Normative Baseline Examples,none,工程类专业在校生中女性占比为 23.7%。,工程类专业在校生中女性占比为 23.7%。,KEEP,女性占比,教育统计数据,工程类专业在校生结构占比为 23.7%,easy
NEG-0571,N3,三、制度性与统计性区分,Institutionally or Statistically Necessary Gender Distinctions,N3.6,3.6 平权、保护与专项服务,"Equality, Protection, and Targeted Services",规范示例（基线）,Normative Baseline Examples,none,公司计划三年内将女性高管比例提升至 30%。,公司计划三年内将女性高管比例提升至 30%。,KEEP,女性高管比例,平权目标的量化指标,公司计划三年内提升高管队伍的多元化水平,medium
NEG-0573,N3,三、制度性与统计性区分,Institutionally or Statistically Necessary Gender Distinctions,N3.6,3.6 平权、保护与专项服务,"Equality, Protection, and Targeted Services",规范示例（基线）,Normative Baseline Examples,none,该基金专项支持青年女科技工作者的独立研究。,该基金专项支持青年女科技工作者的独立研究。,KEEP,女科技工作者,专项计划的资助对象界定,该基金专项支持青年科技工作者的独立研究,medium
NEG-0574,N3,三、制度性与统计性区分,Institutionally or Statistically Necessary Gender Distinctions,N3.6,3.6 平权、保护与专项服务,"Equality, Protection, and Targeted Services",规范示例（基线）,Normative Baseline Examples,none,本市开通了面向男性照护者的心理支持热线。,本市开通了面向男性照护者的心理支持热线。,KEEP,男性照护者,服务对象界定，且针对的是被忽视群体,本市开通了面向照护者的心理支持热线,medium
NEG-0575,N3,三、制度性与统计性区分,Institutionally or Statistically Necessary Gender Distinctions,N3.7,3.7 宗教与文化传统实践,Religious and Cultural Practices,规范示例（基线）,Normative Baseline Examples,none,按该教派传统，神职人员仅由男性担任。,按该教派传统，神职人员仅由男性担任。,KEEP,男性,对现存传统的客观描述，非认可,按该教派传统，神职人员由信众担任,medium
NEG-0576,N4,四、专有名词与固定名称,Proper Names and Fixed Designations,N4.1,4.1 法律法规,Laws and Regulations,规范示例（基线）,Normative Baseline Examples,none,《中华人民共和国妇女权益保障法》于 2022 年完成修订。,《中华人民共和国妇女权益保障法》于 2022 年完成修订。,KEEP,妇女权益保障法,法律名称，不可改动,《中华人民共和国权益保障法》于 2022 年完成修订,easy
NEG-0577,N4,四、专有名词与固定名称,Proper Names and Fixed Designations,N4.1,4.1 法律法规,Laws and Regulations,规范示例（基线）,Normative Baseline Examples,none,《女职工劳动保护特别规定》对禁忌劳动范围作出了列举。,《女职工劳动保护特别规定》对禁忌劳动范围作出了列举。,KEEP,女职工,行政法规正式名称,《职工劳动保护特别规定》对禁忌劳动范围作出了列举,easy
NEG-0578,N4,四、专有名词与固定名称,Proper Names and Fixed Designations,N4.1,4.1 法律法规,Laws and Regulations,规范示例（基线）,Normative Baseline Examples,none,《消除对妇女一切形式歧视公约》于 1979 年获联合国大会通过。,《消除对妇女一切形式歧视公约》于 1979 年获联合国大会通过。,KEEP,妇女,国际条约正式名称,《消除一切形式歧视公约》于 1979 年获联合国大会通过,easy
NEG-0579,N4,四、专有名词与固定名称,Proper Names and Fixed Designations,N4.2,4.2 机构、组织与场所,"Institutions, Organizations, and Venues",规范示例（基线）,Normative Baseline Examples,none,中华全国妇女联合会发布了本年度工作报告。,中华全国妇女联合会发布了本年度工作报告。,KEEP,妇女联合会,机构法定名称,全国联合会发布了本年度工作报告,easy
NEG-0580,N4,四、专有名词与固定名称,Proper Names and Fixed Designations,N4.2,4.2 机构、组织与场所,"Institutions, Organizations, and Venues",规范示例（基线）,Normative Baseline Examples,none,中国女排在本届世锦赛中排名第四。,中国女排在本届世锦赛中排名第四。,KEEP,女排,队伍正式名称,中国排球队在本届世锦赛中排名第四,easy
NEG-0581,N4,四、专有名词与固定名称,Proper Names and Fixed Designations,N4.2,4.2 机构、组织与场所,"Institutions, Organizations, and Venues",规范示例（基线）,Normative Baseline Examples,none,该院妇产科自本月起开设夜间门诊。,该院妇产科自本月起开设夜间门诊。,KEEP,妇产科,科室法定名称,该院产科自本月起开设夜间门诊,easy
NEG-0582,N4,四、专有名词与固定名称,Proper Names and Fixed Designations,N4.2,4.2 机构、组织与场所,"Institutions, Organizations, and Venues",规范示例（基线）,Normative Baseline Examples,none,男科门诊位于门诊楼二层西侧。,男科门诊位于门诊楼二层西侧。,KEEP,男科,科室法定名称,泌尿门诊位于门诊楼二层西侧,easy
NEG-0585,N4,四、专有名词与固定名称,Proper Names and Fixed Designations,N4.4,4.4 节日与纪念日,Festivals and Commemorative Days,规范示例（基线）,Normative Baseline Examples,none,国际妇女节起源于 20 世纪初的劳工运动。,国际妇女节起源于 20 世纪初的劳工运动。,KEEP,国际妇女节,节日正式名称,国际劳动者节起源于 20 世纪初的劳工运动,easy
NEG-0586,N4,四、专有名词与固定名称,Proper Names and Fixed Designations,N4.4,4.4 节日与纪念日,Festivals and Commemorative Days,规范示例（基线）,Normative Baseline Examples,none,11 月 25 日是消除对妇女暴力国际日。,11 月 25 日是消除对妇女暴力国际日。,KEEP,妇女,联合国确定的纪念日名称,11 月 25 日是消除暴力国际日,easy
NEG-0587,N4,四、专有名词与固定名称,Proper Names and Fixed Designations,N4.5,4.5 作品名与文化产品,Work Titles and Cultural Products,规范示例（基线）,Normative Baseline Examples,none,波伏娃的《第二性》被视为女性主义理论的奠基之作。,波伏娃的《第二性》被视为女性主义理论的奠基之作。,KEEP,第二性 / 女性主义,书名与学派名称,波伏娃的著作被视为平权理论的奠基之作,easy
NEG-0588,N4,四、专有名词与固定名称,Proper Names and Fixed Designations,N4.5,4.5 作品名与文化产品,Work Titles and Cultural Products,规范示例（基线）,Normative Baseline Examples,none,《82 年生的金智英》引发了关于女性处境的广泛讨论。,《82 年生的金智英》引发了关于女性处境的广泛讨论。,KEEP,女性处境,书名及其主题的准确概括,《82 年生的金智英》引发了关于社会处境的广泛讨论,easy
NEG-0590,N4,四、专有名词与固定名称,Proper Names and Fixed Designations,N4.6,4.6 历史与制度术语,Historical and Institutional Terms,规范示例（基线）,Normative Baseline Examples,none,唐代户籍中的“男丁”与“女口”分别对应不同的赋役义务。,唐代户籍中的“男丁”与“女口”分别对应不同的赋役义务。,KEEP,男丁 / 女口,历史制度术语,唐代户籍中的不同人口类别对应不同的赋役义务,easy
NEG-0591,N4,四、专有名词与固定名称,Proper Names and Fixed Designations,N4.6,4.6 历史与制度术语,Historical and Institutional Terms,规范示例（基线）,Normative Baseline Examples,none,童养媳制度在民国时期仍广泛存在于部分农村地区。,童养媳制度在民国时期仍广泛存在于部分农村地区。,KEEP,童养媳,历史制度名称,早婚制度在民国时期仍广泛存在于部分农村地区,easy
NEG-0592,N4,四、专有名词与固定名称,Proper Names and Fixed Designations,N4.7,4.7 学术与批判性概念,Academic and Critical Concepts,规范示例（基线）,Normative Baseline Examples,none,本文采用“男性凝视”这一概念分析广告文本的构图逻辑。,本文采用“男性凝视”这一概念分析广告文本的构图逻辑。,KEEP,男性凝视,学术术语，是分析工具而非作者立场,本文采用“观看视角”这一概念分析广告文本的构图逻辑,medium
NEG-0593,N4,四、专有名词与固定名称,Proper Names and Fixed Designations,N4.7,4.7 学术与批判性概念,Academic and Critical Concepts,规范示例（基线）,Normative Baseline Examples,none,父权制并非指个别男性的支配，而是一套制度性安排。,父权制并非指个别男性的支配，而是一套制度性安排。,KEEP,父权制 / 男性,学术概念及其界定，句子本身在澄清误解,该制度并非指个别人的支配，而是一套制度性安排,medium
NEG-0595,N4,四、专有名词与固定名称,Proper Names and Fixed Designations,N4.7,4.7 学术与批判性概念,Academic and Critical Concepts,规范示例（基线）,Normative Baseline Examples,none,“第二轮班”指女性在有偿劳动之外承担的无酬家务劳动。,“第二轮班”指女性在有偿劳动之外承担的无酬家务劳动。,KEEP,女性,术语的标准定义，删去性别则定义失效,“第二轮班”指劳动者在有偿劳动之外承担的无酬家务劳动,hard
NEG-0596,N4,四、专有名词与固定名称,Proper Names and Fixed Designations,N4.7,4.7 学术与批判性概念,Academic and Critical Concepts,规范示例（基线）,Normative Baseline Examples,none,非二元、顺性别、跨性别是性别认同研究的基本范畴。,非二元、顺性别、跨性别是性别认同研究的基本范畴。,KEEP,非二元 / 顺性别 / 跨性别,学科基本术语,相关概念是身份认同研究的基本范畴,easy
NEG-0598,N4,四、专有名词与固定名称,Proper Names and Fixed Designations,N4.8,4.8 品牌、产品与商业名称,"Brands, Products, and Commercial Names",规范示例（基线）,Normative Baseline Examples,none,该系列注册商标为“淑女屋”，宣传物料中不得改动字样。,该系列注册商标为“淑女屋”，宣传物料中不得改动字样。,KEEP,淑女屋,注册商标受法律保护，擅改构成侵权风险,该系列注册商标为“优雅屋”,easy
NEG-0599,N5,五、引用与转述,Quotations and Reported Speech,N5.1,5.1 直接引语,Direct Quotations,规范示例（基线）,Normative Baseline Examples,none,受访者原话是：“这活儿还是得找个男的干。”,受访者原话是：“这活儿还是得找个男的干。”,KEEP,男的,直接引语属证据材料，改写等同篡改,受访者表示这项工作需要专人负责,hard
NEG-0600,N5,五、引用与转述,Quotations and Reported Speech,N5.1,5.1 直接引语,Direct Quotations,规范示例（基线）,Normative Baseline Examples,none,他在庭上供述：“我以为她一个女人不敢报警。”,他在庭上供述：“我以为她一个女人不敢报警。”,KEEP,她 / 女人,庭审供述原文，是定罪量刑的事实依据,他在庭上供述称其低估了被害人的应对能力,easy
NEG-0601,N5,五、引用与转述,Quotations and Reported Speech,N5.1,5.1 直接引语,Direct Quotations,规范示例（基线）,Normative Baseline Examples,none,该主播在直播中说：“女生就别学编程了。”平台已对其作出处罚。,该主播在直播中说：“女生就别学编程了。”平台已对其作出处罚。,KEEP,女生,引述违规言论是处罚说明的必要组成,该主播在直播中发表不当言论，平台已对其作出处罚,medium
NEG-0602,N5,五、引用与转述,Quotations and Reported Speech,N5.2,5.2 文献与史料,Documents and Historical Sources,规范示例（基线）,Normative Baseline Examples,none,《论语·阳货》有“唯女子与小人为难养也”之语，历代注家解释纷纭。,《论语·阳货》有“唯女子与小人为难养也”之语，历代注家解释纷纭。,KEEP,女子,经典原文引用，可加注释但不改原文,《论语·阳货》中有一句历来解释纷纭的话,easy
NEG-0603,N5,五、引用与转述,Quotations and Reported Speech,N5.2,5.2 文献与史料,Documents and Historical Sources,规范示例（基线）,Normative Baseline Examples,none,家书中写道：“儿此去平安，母亲勿念。”,家书中写道：“儿此去平安，母亲勿念。”,KEEP,儿 / 母亲,档案原文,家书中表达了报平安之意,easy
NEG-0604,N5,五、引用与转述,Quotations and Reported Speech,N5.3,5.3 法律与官方文书原件,Original Legal and Official Documents,规范示例（基线）,Normative Baseline Examples,none,判决书载明：“被告人系女性，怀孕期间不适用逮捕强制措施。”,判决书载明：“被告人系女性，怀孕期间不适用逮捕强制措施。”,KEEP,女性 / 怀孕,裁判文书原文，且性别与妊娠是适用该条款的前提,判决书载明被告人不适用逮捕强制措施,easy
NEG-0605,N5,五、引用与转述,Quotations and Reported Speech,N5.4,5.4 研究与调查材料,Research and Survey Materials,规范示例（基线）,Normative Baseline Examples,none,问卷第 3 题选项为：①男 ②女 ③其他 ④不愿透露。,问卷第 3 题选项为：①男 ②女 ③其他 ④不愿透露。,KEEP,男 / 女,问卷题目原样呈现是方法学披露要求,问卷第 3 题询问受访者的性别认同,medium
NEG-0606,N5,五、引用与转述,Quotations and Reported Speech,N5.4,5.4 研究与调查材料,Research and Survey Materials,规范示例（基线）,Normative Baseline Examples,none,该量表包含“我认为男性应当承担家庭主要经济责任”等条目。,该量表包含“我认为男性应当承担家庭主要经济责任”等条目。,KEEP,男性,量表条目原文，改写将使测量失效,该量表包含关于家庭经济责任分工的条目,medium
NEG-0608,N5,五、引用与转述,Quotations and Reported Speech,N5.5,5.5 批判性转述与举例,Critical Reporting and Illustrative Examples,规范示例（基线）,Normative Baseline Examples,none,社会上长期存在“女生学不好理科”的偏见。,社会上长期存在“女生学不好理科”的偏见。,KEEP,女生,转述并批判某一偏见，非持有该偏见,社会上长期存在关于学科能力的偏见,hard
NEG-0609,N5,五、引用与转述,Quotations and Reported Speech,N5.5,5.5 批判性转述与举例,Critical Reporting and Illustrative Examples,规范示例（基线）,Normative Baseline Examples,none,该招聘广告写有“限男性”，涉嫌构成就业性别歧视。,该招聘广告写有“限男性”，涉嫌构成就业性别歧视。,KEEP,限男性,举证式引用，删去则指控无依据,该招聘广告设置了不当限制，涉嫌构成就业歧视,hard
NEG-0610,N5,五、引用与转述,Quotations and Reported Speech,N5.5,5.5 批判性转述与举例,Critical Reporting and Illustrative Examples,规范示例（基线）,Normative Baseline Examples,none,培训教材列出的错误示例为：“每位工程师都应对他的代码负责。”,培训教材列出的错误示例为：“每位工程师都应对他的代码负责。”,KEEP,他,反面例句是教学材料本身，改写即取消教学功能,培训教材列出的错误示例为：“每位工程师都应对自己的代码负责。”,hard
NEG-0612,N6,六、自我认同与自称,Self-Identification and Self-Reference,N6.1,6.1 自我描述的性别标签,Self-Described Gender Labels,规范示例（基线）,Normative Baseline Examples,none,她在演讲开场说：“我是一名女性工程师。”,她在演讲开场说：“我是一名女性工程师。”,KEEP,女性工程师,当事人主动强调的自我定位，通常承载表达意图,她在演讲开场说：“我是一名工程师。”,hard
NEG-0613,N6,六、自我认同与自称,Self-Identification and Self-Reference,N6.1,6.1 自我描述的性别标签,Self-Described Gender Labels,规范示例（基线）,Normative Baseline Examples,none,我自称女汉子，这没什么不好。,我自称女汉子，这没什么不好。,KEEP,女汉子,自称属自我认同范畴，第三方改写构成新的规训,我自称性格独立，这没什么不好,hard
NEG-0614,N6,六、自我认同与自称,Self-Identification and Self-Reference,N6.1,6.1 自我描述的性别标签,Self-Described Gender Labels,规范示例（基线）,Normative Baseline Examples,none,他在博客里写：“作为一个男护士，我经常被问同一个问题。”,他在博客里写：“作为一个男护士，我经常被问同一个问题。”,KEEP,男护士,当事人以此身份展开叙述，是文章立论起点,他在博客里写：“作为一名护士，我经常被问同一个问题。”,hard
NEG-0615,N6,六、自我认同与自称,Self-Identification and Self-Reference,N6.1,6.1 自我描述的性别标签,Self-Described Gender Labels,规范示例（基线）,Normative Baseline Examples,none,她把自己的公众号命名为“全职妈妈观察日记”。,她把自己的公众号命名为“全职妈妈观察日记”。,KEEP,全职妈妈,自选名号,她把自己的公众号命名为“全职家长观察日记”,medium
NEG-0616,N6,六、自我认同与自称,Self-Identification and Self-Reference,N6.2,6.2 主动声明的性别与代词,Explicit Gender and Pronoun Declarations,规范示例（基线）,Normative Baseline Examples,none,他在邮件签名中注明了代词：他／他的。,他在邮件签名中注明了代词：他／他的。,KEEP,他／他的,本人声明的代词偏好，按其声明使用即为包容,他在邮件签名中注明了代词：TA／TA的,hard
NEG-0620,N6,六、自我认同与自称,Self-Identification and Self-Reference,N6.4,6.4 职业与身份的自我定位,Occupational and Identity Self-Positioning,规范示例（基线）,Normative Baseline Examples,none,受访者说：“我就是个直男，审美确实一般。”,受访者说：“我就是个直男，审美确实一般。”,KEEP,直男,自嘲式自称,受访者说：“我审美确实一般。”,medium
NEG-0621,N6,六、自我认同与自称,Self-Identification and Self-Reference,N6.5,6.5 艺名、网名、角色名,"Stage Names, Usernames, and Character Names",规范示例（基线）,Normative Baseline Examples,none,该作者的笔名为“素心女子”，署名沿用至今。,该作者的笔名为“素心女子”，署名沿用至今。,KEEP,素心女子,自选笔名,该作者的笔名为“素心”，署名沿用至今,easy
NEG-0633,N7,七、语言本体层面的历史残留,Lexicalized and Historically Conventional Gender Forms,N7.1,7.1 字形理据,Orthographic Motivation,规范示例（基线）,Normative Baseline Examples,none,“他”字从人从也，其人字旁属构字理据，不表达性别主张。,“他”字从人从也，其人字旁属构字理据，不表达性别主张。,KEEP,他 / 人字旁,文字学陈述，句子本身即在澄清这一点,“他”字的构形不宜作为讨论对象,medium
NEG-0634,N7,七、语言本体层面的历史残留,Lexicalized and Historically Conventional Gender Forms,N7.1,7.1 字形理据,Orthographic Motivation,规范示例（基线）,Normative Baseline Examples,none,“好”“始”“如”等字虽从女旁，但语义与性别无关。,“好”“始”“如”等字虽从女旁，但语义与性别无关。,KEEP,女旁,文字学事实,部分汉字的部首与语义无关,easy
NEG-0637,N7,七、语言本体层面的历史残留,Lexicalized and Historically Conventional Gender Forms,N7.2,7.2 敬语传统的中性化用法,Gender-Neutralized Traditional Honorifics,规范示例（基线）,Normative Baseline Examples,none,这位老师姓周，学生们都称他周先生。,这位老师姓周，学生们都称他周先生。,KEEP,先生,方言区中“先生”指教师，已高度中性化,这位老师姓周，学生们都称他周老师,medium
NEG-0640,N7,七、语言本体层面的历史残留,Lexicalized and Historically Conventional Gender Forms,N7.4,7.4 语法性词汇,Grammaticalized Vocabulary,规范示例（基线）,Normative Baseline Examples,none,汉语没有性、数、格的形态变化，性别标记主要存在于书面代词与少量称谓。,汉语没有性、数、格的形态变化，性别标记主要存在于书面代词与少量称谓。,KEEP,性别标记,语言学事实陈述,汉语没有形态变化,easy
NEG-0642,N1,一、指称已知性别的具体个人,Specific Individuals of Known Gender,N1.1,1.1 姓名与社会称谓,Personal Names and Social Titles,医疗健康,Medical and Health,none,慈禧太后晚年推行的新政，与她此前的立场有明显反差。,慈禧太后晚年推行的新政，与她此前的立场有明显反差。,KEEP,慈禧太后/她,历史人物谥号与代词,这位统治者晚年推行的新政,easy
NEG-0643,N1,一、指称已知性别的具体个人,Specific Individuals of Known Gender,N1.1,1.1 姓名与社会称谓,Personal Names and Social Titles,文艺创作与评论,Literary and Cultural Writing,none,梅兰芳的《贵妃醉酒》早期录音现在还能找到。,梅兰芳的《贵妃醉酒》早期录音现在还能找到。,KEEP,梅兰芳/贵妃,人名与剧目名,这位京剧艺术家的代表作录音还能找到,easy
NEG-0645,N1,一、指称已知性别的具体个人,Specific Individuals of Known Gender,N1.1,1.1 姓名与社会称谓,Personal Names and Social Titles,口语与私人交流,Spoken and Private Communication,none,我干妈住在隔壁单元，从小拿我当亲儿子。,我干妈住在隔壁单元，从小拿我当亲儿子。,KEEP,干妈/亲儿子,拟亲属称谓，指具体某人,我的长辈住在隔壁单元,medium
NEG-0646,N1,一、指称已知性别的具体个人,Specific Individuals of Known Gender,N1.1,1.1 姓名与社会称谓,Personal Names and Social Titles,社交与社区,Social and Community,internet_slang,奶爸群里聊的话题跟妈妈群完全不是一个路数。,奶爸群里聊的话题跟妈妈群完全不是一个路数。,KEEP,奶爸/妈妈群,社群自称与实况描述,家长群里聊的话题各不相同,hard
NEG-0648,N1,一、指称已知性别的具体个人,Specific Individuals of Known Gender,N1.2,1.2 人称代词,Personal Pronouns,口语与私人交流,Spoken and Private Communication,none,他俩从初中同桌到现在，认识快二十年了。,他俩从初中同桌到现在，认识快二十年了。,KEEP,他俩,双数代词指两位已知男性,他们从初中同桌到现在,medium
NEG-0649,N1,一、指称已知性别的具体个人,Specific Individuals of Known Gender,N1.2,1.2 人称代词,Personal Pronouns,口语与私人交流,Spoken and Private Communication,none,她俩合租了三年，上个月才各自搬出去。,她俩合租了三年，上个月才各自搬出去。,KEEP,她俩,双数代词指两位已知女性,她们合租了三年,medium
NEG-0650,N1,一、指称已知性别的具体个人,Specific Individuals of Known Gender,N1.2,1.2 人称代词,Personal Pronouns,公文与规章,Official and Regulatory Text,none,患者拒绝家属代签，坚持她自己签署知情同意书。,患者拒绝家属代签，坚持她自己签署知情同意书。,KEEP,她自己,强调式反身代词，指具体患者,患者坚持本人签署知情同意书,medium
NEG-0652,N1,一、指称已知性别的具体个人,Specific Individuals of Known Gender,N1.2,1.2 人称代词,Personal Pronouns,新闻报道,News Reporting,none,搜救队是被他自己的哭声引过去的，当时孩子已经喊哑了。,搜救队是被他自己的哭声引过去的，当时孩子已经喊哑了。,KEEP,他自己,对具体获救者的描述,搜救队是被哭声引过去的,medium
NEG-0654,N1,一、指称已知性别的具体个人,Specific Individuals of Known Gender,N1.3,1.3 血亲与姻亲称谓,Kinship and Affinal Terms,口语与私人交流,Spoken and Private Communication,none,他跟我是连襟，娶的是亲姐妹俩。,他跟我是连襟，娶的是亲姐妹俩。,KEEP,连襟/亲姐妹,姻亲称谓，改写即失去关系信息,他跟我是亲戚关系,medium
NEG-0655,N1,一、指称已知性别的具体个人,Specific Individuals of Known Gender,N1.3,1.3 血亲与姻亲称谓,Kinship and Affinal Terms,其他,Other,none,我堂兄在县城开了家五金店，表姐去年嫁到南边去了。,我堂兄在县城开了家五金店，表姐去年嫁到南边去了。,KEEP,堂兄/表姐,旁系亲属称谓，含父系母系之别,我的亲戚在县城开了家五金店,medium
NEG-0656,N1,一、指称已知性别的具体个人,Specific Individuals of Known Gender,N1.3,1.3 血亲与姻亲称谓,Kinship and Affinal Terms,其他,Other,none,被继承人无子女，遗产由其侄子与外甥女按份继承。,被继承人无子女，遗产由其侄子与外甥女按份继承。,KEEP,侄子/外甥女,继承顺位须精确到具体亲属关系,遗产由其晚辈亲属按份继承,easy
NEG-0657,N1,一、指称已知性别的具体个人,Specific Individuals of Known Gender,N1.3,1.3 血亲与姻亲称谓,Kinship and Affinal Terms,其他,Other,none,我义父是我爸的战友，两家来往了快四十年。,我义父是我爸的战友，两家来往了快四十年。,KEEP,义父/我爸,拟亲属与直系称谓,我的长辈是我父母的战友,medium
NEG-0658,N1,一、指称已知性别的具体个人,Specific Individuals of Known Gender,N1.3,1.3 血亲与姻亲称谓,Kinship and Affinal Terms,其他,Other,none,教母在洗礼仪式中承担见证人的角色。,教母在洗礼仪式中承担见证人的角色。,KEEP,教母,宗教拟亲属角色名称,见证人在洗礼仪式中承担相应角色,easy
NEG-0659,N1,一、指称已知性别的具体个人,Specific Individuals of Known Gender,N1.4,1.4 伴侣与恋爱关系,Partners and Romantic Relationships,公文与规章,Official and Regulatory Text,none,本次晚宴可携带一名男伴或女伴，请于周五前登记姓名。,本次晚宴可携带一名男伴或女伴，请于周五前登记姓名。,KEEP,男伴/女伴,活动规则中的既有表述,本次晚宴可携带一名同伴,medium
NEG-0661,N1,一、指称已知性别的具体个人,Specific Individuals of Known Gender,N1.4,1.4 伴侣与恋爱关系,Partners and Romantic Relationships,社交与社区,Social and Community,emoji,我跟我女朋友的恋爱纪念日和她生日就差三天🎂,我跟我女朋友的恋爱纪念日和她生日就差三天🎂,KEEP,女朋友/她,当事人对自身关系的描述,我跟我伴侣的纪念日和TA生日就差三天,hard
NEG-0662,N1,一、指称已知性别的具体个人,Specific Individuals of Known Gender,N1.4,1.4 伴侣与恋爱关系,Partners and Romantic Relationships,其他,Other,none,他前女友现在是他同事，两人相处得挺自然。,他前女友现在是他同事，两人相处得挺自然。,KEEP,前女友,关系事实的陈述,他前任现在是他同事,medium
NEG-0663,N1,一、指称已知性别的具体个人,Specific Individuals of Known Gender,N1.5,1.5 社会角色中的具体个人,Specific Individuals in Social Roles,公文与规章,Official and Regulatory Text,none,证人系被害人邻居，女，54 岁，与双方均无利害关系。,证人系被害人邻居，女，54 岁，与双方均无利害关系。,KEEP,女,笔录中的证人身份登记,证人系被害人邻居，54 岁,easy
NEG-0664,N1,一、指称已知性别的具体个人,Specific Individuals of Known Gender,N1.5,1.5 社会角色中的具体个人,Specific Individuals in Social Roles,法律与司法,Legal and Judicial,none,被告人张某，男，1990 年生，无前科劣迹。,被告人张某，男，1990 年生，无前科劣迹。,KEEP,男,裁判文书的当事人信息栏,被告人张某，1990 年生,easy
NEG-0665,N1,一、指称已知性别的具体个人,Specific Individuals of Known Gender,N1.5,1.5 社会角色中的具体个人,Specific Individuals in Social Roles,新闻报道,News Reporting,none,当事人是一名 19 岁的女大学生，事发时正在返校途中。,当事人是一名 19 岁的女大学生，事发时正在返校途中。,KEEP,女大学生,案件报道中的当事人身份,当事人是一名 19 岁的大学生,medium
NEG-0666,N1,一、指称已知性别的具体个人,Specific Individuals of Known Gender,N1.5,1.5 社会角色中的具体个人,Specific Individuals in Social Roles,其他,Other,none,患者监护人为其父，联系电话已留存于病历首页。,患者监护人为其父，联系电话已留存于病历首页。,KEEP,其父,医疗文书中的监护人身份,患者监护人为其家长,easy
NEG-0667,N2,二、生理与医学必需,Biologically and Medically Necessary Gender Information,N2.1,2.1 生殖与生育,Reproduction and Childbearing,医疗健康,Medical and Health,none,既往孕 3 产 1，其中早产一次，自然流产一次。,既往孕 3 产 1，其中早产一次，自然流产一次。,KEEP,孕产史,产科既往史的标准记法,既往有相关病史三次,easy
NEG-0668,N2,二、生理与医学必需,Biologically and Medically Necessary Gender Information,N2.1,2.1 生殖与生育,Reproduction and Childbearing,医疗健康,Medical and Health,none,试管婴儿的成功率与女方年龄呈明显负相关。,试管婴儿的成功率与女方年龄呈明显负相关。,KEEP,女方年龄,辅助生殖的关键预后因素,试管婴儿的成功率与年龄呈负相关,medium
NEG-0669,N2,二、生理与医学必需,Biologically and Medically Necessary Gender Information,N2.1,2.1 生殖与生育,Reproduction and Childbearing,公文与规章,Official and Regulatory Text,none,断奶期涨奶明显可以冷敷缓解，不建议自行服用回奶药。,断奶期涨奶明显可以冷敷缓解，不建议自行服用回奶药。,KEEP,断奶/涨奶/回奶,哺乳期护理指导,该阶段不适可冷敷缓解,easy
NEG-0670,N2,二、生理与医学必需,Biologically and Medically Necessary Gender Information,N2.1,2.1 生殖与生育,Reproduction and Childbearing,医疗健康,Medical and Health,none,我国不允许任何形式的代孕，相关协议一律无效。,我国不允许任何形式的代孕，相关协议一律无效。,KEEP,代孕,法律禁止事项的名称,我国不允许相关行为，协议一律无效,easy
NEG-0671,N2,二、生理与医学必需,Biologically and Medically Necessary Gender Information,N2.1,2.1 生殖与生育,Reproduction and Childbearing,其他,Other,none,抗缪勒管激素可用于评估卵巢储备功能。,抗缪勒管激素可用于评估卵巢储备功能。,KEEP,卵巢储备,生育力评估指标,该激素可用于评估生殖功能,easy
NEG-0672,N2,二、生理与医学必需,Biologically and Medically Necessary Gender Information,N2.1,2.1 生殖与生育,Reproduction and Childbearing,医疗健康,Medical and Health,none,孕 26 周超声提示胎心消失，考虑死胎，建议尽早引产。,孕 26 周超声提示胎心消失，考虑死胎，建议尽早引产。,KEEP,孕/死胎,临床诊断与处置意见,超声提示异常，建议尽早处理,easy
NEG-0673,N2,二、生理与医学必需,Biologically and Medically Necessary Gender Information,N2.2,2.2 生理周期与内分泌,Menstrual Cycles and Endocrine Processes,其他,Other,none,男孩首次遗精的平均年龄约在 13 至 14 岁。,男孩首次遗精的平均年龄约在 13 至 14 岁。,KEEP,男孩/遗精,青春期发育的教学内容,首次发育的平均年龄约在 13 至 14 岁,medium
NEG-0674,N2,二、生理与医学必需,Biologically and Medically Necessary Gender Information,N2.2,2.2 生理周期与内分泌,Menstrual Cycles and Endocrine Processes,医疗健康,Medical and Health,none,女孩初潮之后，身高的增长速度会明显放缓。,女孩初潮之后，身高的增长速度会明显放缓。,KEEP,女孩/初潮,生长发育规律,孩子进入青春期后身高增速会放缓,medium
NEG-0676,N2,二、生理与医学必需,Biologically and Medically Necessary Gender Information,N2.2,2.2 生理周期与内分泌,Menstrual Cycles and Endocrine Processes,其他,Other,none,性早熟指女孩 8 岁前、男孩 9 岁前出现第二性征。,性早熟指女孩 8 岁前、男孩 9 岁前出现第二性征。,KEEP,女孩/男孩/第二性征,诊断标准的界值按性别分设,性早熟指儿童过早出现第二性征,medium
NEG-0677,N2,二、生理与医学必需,Biologically and Medically Necessary Gender Information,N2.2,2.2 生理周期与内分泌,Menstrual Cycles and Endocrine Processes,社交与社区,Social and Community,none,绝经两年后又出血，医生让我做个子宫内膜活检。,绝经两年后又出血，医生让我做个子宫内膜活检。,KEEP,绝经/子宫内膜,症状描述与检查项目,停经两年后又出血，医生让我做个活检,easy
NEG-0678,N2,二、生理与医学必需,Biologically and Medically Necessary Gender Information,N2.3,2.3 性别特异性器官与疾病,Sex-Specific Organs and Diseases,其他,Other,none,输卵管造影建议在月经干净后 3 至 7 天之内进行。,输卵管造影建议在月经干净后 3 至 7 天之内进行。,KEEP,输卵管/月经,检查时机的临床要求,该造影建议在特定时间窗内进行,easy
NEG-0679,N2,二、生理与医学必需,Biologically and Medically Necessary Gender Information,N2.3,2.3 性别特异性器官与疾病,Sex-Specific Organs and Diseases,医疗健康,Medical and Health,none,睾丸癌多发于 15 至 35 岁男性，自检是早期发现的主要手段。,睾丸癌多发于 15 至 35 岁男性，自检是早期发现的主要手段。,KEEP,睾丸癌/男性,疾病名称与好发人群,该癌症多发于 15 至 35 岁人群,easy
NEG-0680,N2,二、生理与医学必需,Biologically and Medically Necessary Gender Information,N2.3,2.3 性别特异性器官与疾病,Sex-Specific Organs and Diseases,学术与调研,Academic and Research,none,绝经后女性骨质疏松的患病率约为同龄男性的三倍。,绝经后女性骨质疏松的患病率约为同龄男性的三倍。,KEEP,女性/男性,流行病学的性别差异结论,该年龄段人群骨质疏松患病率存在差异,medium
NEG-0681,N2,二、生理与医学必需,Biologically and Medically Necessary Gender Information,N2.3,2.3 性别特异性器官与疾病,Sex-Specific Organs and Diseases,医疗健康,Medical and Health,none,女性急性心梗更常表现为乏力和恶心而非典型胸痛，容易被漏诊。,女性急性心梗更常表现为乏力和恶心而非典型胸痛，容易被漏诊。,KEEP,女性,症状差异是漏诊防范的关键，删去则失去警示意义,急性心梗有时表现不典型，容易被漏诊,hard
NEG-0682,N2,二、生理与医学必需,Biologically and Medically Necessary Gender Information,N2.3,2.3 性别特异性器官与疾病,Sex-Specific Organs and Diseases,其他,Other,none,系统性红斑狼疮的男女患病比约为 1:9。,系统性红斑狼疮的男女患病比约为 1:9。,KEEP,男女患病比,流行病学基础数据,该病的患病率在人群中分布不均,easy
NEG-0683,N2,二、生理与医学必需,Biologically and Medically Necessary Gender Information,N2.4,2.4 药理与诊疗差异,Pharmacological and Clinical Differences,其他,Other,none,育龄期女性行 CT 检查前应确认是否处于妊娠状态。,育龄期女性行 CT 检查前应确认是否处于妊娠状态。,KEEP,育龄期女性/妊娠,放射检查的安全核查要求,受检者行 CT 前应确认相关状态,medium
NEG-0684,N2,二、生理与医学必需,Biologically and Medically Necessary Gender Information,N2.4,2.4 药理与诊疗差异,Pharmacological and Clinical Differences,其他,Other,none,血尿酸的参考区间男性高于女性，判读时须对应各自区间。,血尿酸的参考区间男性高于女性，判读时须对应各自区间。,KEEP,男性/女性,检验参考区间的分层,血尿酸参考区间因人而异，判读时须注意,easy
NEG-0685,N2,二、生理与医学必需,Biologically and Medically Necessary Gender Information,N2.4,2.4 药理与诊疗差异,Pharmacological and Clinical Differences,其他,Other,none,肌酐清除率的估算公式中含有性别系数。,肌酐清除率的估算公式中含有性别系数。,KEEP,性别系数,公式参数，删去则无法计算,肌酐清除率的估算公式含有多个系数,easy
NEG-0686,N2,二、生理与医学必需,Biologically and Medically Necessary Gender Information,N2.4,2.4 药理与诊疗差异,Pharmacological and Clinical Differences,医疗健康,Medical and Health,none,本品可能影响男性生育力，有生育计划者请提前告知医师。,本品可能影响男性生育力，有生育计划者请提前告知医师。,KEEP,男性生育力,用药风险提示,本品可能影响生育力，有计划者请告知医师,medium
NEG-0687,N2,二、生理与医学必需,Biologically and Medically Necessary Gender Information,N2.5,2.5 性别确认医疗与性健康,Gender-Affirming Care and Sexual Health,其他,Other,none,短效避孕药需每日固定时间服用，漏服超过 12 小时须采取补救措施。,短效避孕药需每日固定时间服用，漏服超过 12 小时须采取补救措施。,KEEP,避孕药,用药方案说明,该药需每日固定时间服用,easy
NEG-0690,N2,二、生理与医学必需,Biologically and Medically Necessary Gender Information,N2.6,2.6 鉴定与研究场景,Identification and Research Contexts,法律与司法,Legal and Judicial,none,DNA 检测显示样本含 Y 染色体，可排除来自女性个体。,DNA 检测显示样本含 Y 染色体，可排除来自女性个体。,KEEP,Y 染色体/女性,分子鉴定结论,DNA 检测可排除部分来源,easy
NEG-0691,N2,二、生理与医学必需,Biologically and Medically Necessary Gender Information,N2.6,2.6 鉴定与研究场景,Identification and Research Contexts,学术与调研,Academic and Research,none,该批人骨中男性个体 17 例，女性个体 23 例，另有 6 例无法判定。,该批人骨中男性个体 17 例，女性个体 23 例，另有 6 例无法判定。,KEEP,男性/女性,体质人类学统计，含无法判定项,该批人骨共 46 例，其中 6 例无法判定,easy
NEG-0692,N3,三、制度性与统计性区分,Institutionally or Statistically Necessary Gender Distinctions,N3.1,3.1 法律与行政身份,Legal and Administrative Status,公文与规章,Official and Regulatory Text,none,离婚后不满两周岁的子女，一般随母方生活。,离婚后不满两周岁的子女，一般随母方生活。,KEEP,母方,法定抚养原则,离婚后不满两周岁的子女，一般随一方生活,medium
NEG-0693,N3,三、制度性与统计性区分,Institutionally or Statistically Necessary Gender Distinctions,N3.1,3.1 法律与行政身份,Legal and Administrative Status,公文与规章,Official and Regulatory Text,none,未成年人单独出境，需提交父母双方签署的同意书。,未成年人单独出境，需提交父母双方签署的同意书。,KEEP,父母双方,办理材料要求,未成年人单独出境，需提交监护人同意书,medium
NEG-0694,N3,三、制度性与统计性区分,Institutionally or Statistically Necessary Gender Distinctions,N3.1,3.1 法律与行政身份,Legal and Administrative Status,法律与司法,Legal and Judicial,none,婚生子监护权判归母方，父方每月可探视两次。,婚生子监护权判归母方，父方每月可探视两次。,KEEP,母方/父方,抚养与探视的判决内容,监护权判归一方，另一方每月可探视两次,easy
NEG-0695,N3,三、制度性与统计性区分,Institutionally or Statistically Necessary Gender Distinctions,N3.1,3.1 法律与行政身份,Legal and Administrative Status,其他,Other,none,收养登记需提交收养人夫妻双方的婚姻状况证明。,收养登记需提交收养人夫妻双方的婚姻状况证明。,KEEP,夫妻双方,登记材料的法定要求,收养登记需提交收养人的婚姻状况证明,medium
NEG-0696,N3,三、制度性与统计性区分,Institutionally or Statistically Necessary Gender Distinctions,N3.2,3.2 劳动与社会保障,Employment and Social Security,其他,Other,none,从事高温作业的女职工，孕期应当调离原岗位。,从事高温作业的女职工，孕期应当调离原岗位。,KEEP,女职工/孕期,劳动保护条款的适用对象,从事高温作业的职工，孕期应当调离,medium
NEG-0697,N3,三、制度性与统计性区分,Institutionally or Statistically Necessary Gender Distinctions,N3.2,3.2 劳动与社会保障,Employment and Social Security,其他,Other,none,尘肺病患者中男性占绝大多数，与行业用工结构直接相关。,尘肺病患者中男性占绝大多数，与行业用工结构直接相关。,KEEP,男性,职业病流行病学与成因分析,尘肺病患者的分布与行业用工结构相关,medium
NEG-0698,N3,三、制度性与统计性区分,Institutionally or Statistically Necessary Gender Distinctions,N3.2,3.2 劳动与社会保障,Employment and Social Security,其他,Other,none,男职工未就业配偶可申领一次性生育补助。,男职工未就业配偶可申领一次性生育补助。,KEEP,男职工/配偶,待遇申领的资格条件,职工未就业配偶可申领一次性生育补助,medium
NEG-0699,N3,三、制度性与统计性区分,Institutionally or Statistically Necessary Gender Distinctions,N3.2,3.2 劳动与社会保障,Employment and Social Security,公文与规章,Official and Regulatory Text,none,女职工退休年龄的过渡方案将按出生年月逐步推进。,女职工退休年龄的过渡方案将按出生年月逐步推进。,KEEP,女职工,现行制度的准确转述,职工退休年龄的过渡方案将逐步推进,medium
NEG-0700,N3,三、制度性与统计性区分,Institutionally or Statistically Necessary Gender Distinctions,N3.3,3.3 体育竞技分级,Sports Classification,公文与规章,Official and Regulatory Text,none,混合接力由两男两女组成，出场顺序由各队自行决定。,混合接力由两男两女组成，出场顺序由各队自行决定。,KEEP,两男两女,项目规则的核心内容,混合接力由四人组成，出场顺序自定,easy
NEG-0701,N3,三、制度性与统计性区分,Institutionally or Statistically Necessary Gender Distinctions,N3.3,3.3 体育竞技分级,Sports Classification,公文与规章,Official and Regulatory Text,none,混双冰壶每队两人，一男一女，不设替补。,混双冰壶每队两人，一男一女，不设替补。,KEEP,一男一女,项目编制规定,混双冰壶每队两人，不设替补,easy
NEG-0702,N3,三、制度性与统计性区分,Institutionally or Statistically Necessary Gender Distinctions,N3.3,3.3 体育竞技分级,Sports Classification,商业与产品,Business and Product,none,青少年组按年龄与性别分设，14 岁以下不分性别。,青少年组按年龄与性别分设，14 岁以下不分性别。,KEEP,性别,分组规则，含不分性别的例外,青少年组按年龄分设,medium
NEG-0703,N3,三、制度性与统计性区分,Institutionally or Statistically Necessary Gender Distinctions,N3.3,3.3 体育竞技分级,Sports Classification,其他,Other,none,男子马拉松纪录与女子纪录目前相差约十分钟。,男子马拉松纪录与女子纪录目前相差约十分钟。,KEEP,男子/女子,纪录分列的对比数据,马拉松的两项纪录目前相差约十分钟,easy
NEG-0705,N3,三、制度性与统计性区分,Institutionally or Statistically Necessary Gender Distinctions,N3.4,3.4 空间与设施,Spaces and Facilities,其他,Other,none,这所女子学院 1919 年建校，2000 年起开始招收男生。,这所女子学院 1919 年建校，2000 年起开始招收男生。,KEEP,女子学院/男生,校名与办学沿革,这所学院 1919 年建校，2000 年起扩大招生范围,easy
NEG-0706,N3,三、制度性与统计性区分,Institutionally or Statistically Necessary Gender Distinctions,N3.4,3.4 空间与设施,Spaces and Facilities,公文与规章,Official and Regulatory Text,none,强制隔离戒毒场所应当男女分别管理。,强制隔离戒毒场所应当男女分别管理。,KEEP,男女分别管理,法定管理要求,戒毒场所应当分区管理,easy
NEG-0708,N3,三、制度性与统计性区分,Institutionally or Statistically Necessary Gender Distinctions,N3.5,3.5 统计、监测与研究,"Statistics, Monitoring, and Research",学术与调研,Academic and Research,none,女性预期寿命普遍高于男性，全球平均相差约五年。,女性预期寿命普遍高于男性，全球平均相差约五年。,KEEP,女性/男性,人口学基础结论,不同人群的预期寿命存在差异,easy
NEG-0709,N3,三、制度性与统计性区分,Institutionally or Statistically Necessary Gender Distinctions,N3.5,3.5 统计、监测与研究,"Statistics, Monitoring, and Research",学术与调研,Academic and Research,none,故意伤害案中施暴者男性占 86%，受害者的性别分布相对均衡。,故意伤害案中施暴者男性占 86%，受害者的性别分布相对均衡。,KEEP,男性/性别分布,犯罪学统计结论,故意伤害案的施暴者与受害者构成不同,medium
NEG-0710,N3,三、制度性与统计性区分,Institutionally or Statistically Necessary Gender Distinctions,N3.5,3.5 统计、监测与研究,"Statistics, Monitoring, and Research",其他,Other,none,本届议会女性议员占比 31%，较上届提高 4 个百分点。,本届议会女性议员占比 31%，较上届提高 4 个百分点。,KEEP,女性议员,政治参与度指标,本届议会构成较上届有所变化,easy
NEG-0711,N3,三、制度性与统计性区分,Institutionally or Statistically Necessary Gender Distinctions,N3.5,3.5 统计、监测与研究,"Statistics, Monitoring, and Research",其他,Other,none,家暴案件受害人中女性占八成以上，男性受害人报案率则明显偏低。,家暴案件受害人中女性占八成以上，男性受害人报案率则明显偏低。,KEEP,女性/男性受害人,兼顾两个方向的统计事实,家暴案件受害人构成不均，部分群体报案率偏低,hard
NEG-0712,N3,三、制度性与统计性区分,Institutionally or Statistically Necessary Gender Distinctions,N3.5,3.5 统计、监测与研究,"Statistics, Monitoring, and Research",学术与调研,Academic and Research,none,农村地区初中辍学率的性别差距近年已基本消除。,农村地区初中辍学率的性别差距近年已基本消除。,KEEP,性别差距,教育公平的监测指标,农村地区初中辍学率的差距已基本消除,medium
NEG-0713,N3,三、制度性与统计性区分,Institutionally or Statistically Necessary Gender Distinctions,N3.6,3.6 平权、保护与专项服务,"Equality, Protection, and Targeted Services",公文与规章,Official and Regulatory Text,none,重大政策出台前应当开展性别影响评估。,重大政策出台前应当开展性别影响评估。,KEEP,性别影响评估,政策工具的正式名称,重大政策出台前应当开展影响评估,easy
NEG-0714,N3,三、制度性与统计性区分,Institutionally or Statistically Necessary Gender Distinctions,N3.6,3.6 平权、保护与专项服务,"Equality, Protection, and Targeted Services",其他,Other,none,性别预算要求财政支出按受益人群的性别分类统计。,性别预算要求财政支出按受益人群的性别分类统计。,KEEP,性别预算,预算工具名称与操作要求,该预算要求财政支出按受益人群分类统计,easy
NEG-0715,N3,三、制度性与统计性区分,Institutionally or Statistically Necessary Gender Distinctions,N3.6,3.6 平权、保护与专项服务,"Equality, Protection, and Targeted Services",其他,Other,none,该创业基金对女性主导的团队给予额外加分。,该创业基金对女性主导的团队给予额外加分。,KEEP,女性主导,评审规则中的加分条件,该创业基金对特定团队给予额外加分,hard
NEG-0716,N3,三、制度性与统计性区分,Institutionally or Statistically Necessary Gender Distinctions,N3.6,3.6 平权、保护与专项服务,"Equality, Protection, and Targeted Services",社交与社区,Social and Community,none,本市面向单亲父亲群体开设了育儿指导课程。,本市面向单亲父亲群体开设了育儿指导课程。,KEEP,单亲父亲,服务对象界定，针对被忽视群体,本市面向单亲家庭开设了育儿指导课程,hard
NEG-0717,N3,三、制度性与统计性区分,Institutionally or Statistically Necessary Gender Distinctions,N3.7,3.7 宗教与文化传统实践,Religious and Cultural Practices,学术与调研,Academic and Research,none,这套传统礼服分男式女式，纹样与下摆长度都不相同。,这套传统礼服分男式女式，纹样与下摆长度都不相同。,KEEP,男式/女式,形制分类,这套传统礼服有多种形制,medium
NEG-0719,N4,四、专有名词与固定名称,Proper Names and Fixed Designations,N4.1,4.1 法律法规,Laws and Regulations,公文与规章,Official and Regulatory Text,none,《就业促进法》明确禁止用人单位以性别为由拒绝录用。,《就业促进法》明确禁止用人单位以性别为由拒绝录用。,KEEP,性别,法条内容,《就业促进法》禁止用人单位无理由拒绝录用,medium
NEG-0720,N4,四、专有名词与固定名称,Proper Names and Fixed Designations,N4.1,4.1 法律法规,Laws and Regulations,公文与规章,Official and Regulatory Text,none,《母婴保健法实施办法》对婚前医学检查项目作了细化。,《母婴保健法实施办法》对婚前医学检查项目作了细化。,KEEP,母婴保健法,行政法规名称,《健康保障实施办法》对检查项目作了细化,easy
NEG-0721,N4,四、专有名词与固定名称,Proper Names and Fixed Designations,N4.2,4.2 机构、组织与场所,"Institutions, Organizations, and Venues",医疗健康,Medical and Health,none,北京妇女儿童医院的儿科急诊 24 小时开放。,北京妇女儿童医院的儿科急诊 24 小时开放。,KEEP,妇女儿童医院,医院法定名称,该儿童医院的急诊 24 小时开放,easy
NEG-0722,N4,四、专有名词与固定名称,Proper Names and Fixed Designations,N4.2,4.2 机构、组织与场所,"Institutions, Organizations, and Venues",新闻报道,News Reporting,none,这所女子学院的护理专业今年首次招收男生。,这所女子学院的护理专业今年首次招收男生。,KEEP,女子学院/男生,校名与招生变化,这所学院的护理专业今年扩大了招生范围,medium
NEG-0723,N4,四、专有名词与固定名称,Proper Names and Fixed Designations,N4.2,4.2 机构、组织与场所,"Institutions, Organizations, and Venues",其他,Other,none,乳腺外科从普外科独立出来只有十几年时间。,乳腺外科从普外科独立出来只有十几年时间。,KEEP,乳腺外科,科室法定名称,该专科从普外科独立出来只有十几年,easy
NEG-0724,N4,四、专有名词与固定名称,Proper Names and Fixed Designations,N4.2,4.2 机构、组织与场所,"Institutions, Organizations, and Venues",新闻报道,News Reporting,none,中国男子篮球职业联赛下赛季将扩军至 22 支球队。,中国男子篮球职业联赛下赛季将扩军至 22 支球队。,KEEP,男子篮球职业联赛,联赛正式名称,中国篮球职业联赛下赛季将扩军,easy
NEG-0727,N4,四、专有名词与固定名称,Proper Names and Fixed Designations,N4.3,4.3 奖项、荣誉与称号,"Awards, Honors, and Titles",新闻报道,News Reporting,none,中国青年女科学家奖每年评选十人，已举办二十届。,中国青年女科学家奖每年评选十人，已举办二十届。,KEEP,女科学家奖,奖项正式名称,中国青年科学家奖每年评选十人,easy
NEG-0728,N4,四、专有名词与固定名称,Proper Names and Fixed Designations,N4.3,4.3 奖项、荣誉与称号,"Awards, Honors, and Titles",新闻报道,News Reporting,none,“最美女医生”评选今年改成了“最美医务工作者”。,“最美女医生”评选今年改成了“最美医务工作者”。,KEEP,最美女医生,对更名过程的记述，两个名称都需保留,“最美医生”评选今年更名,hard
NEG-0729,N4,四、专有名词与固定名称,Proper Names and Fixed Designations,N4.4,4.4 节日与纪念日,Festivals and Commemorative Days,其他,Other,none,11 月 19 日是国际男人节，男性健康是其核心议题之一。,11 月 19 日是国际男人节，男性健康是其核心议题之一。,KEEP,国际男人节/男性健康,纪念日名称,11 月 19 日是一个国际纪念日,easy
NEG-0730,N4,四、专有名词与固定名称,Proper Names and Fixed Designations,N4.4,4.4 节日与纪念日,Festivals and Commemorative Days,公文与规章,Official and Regulatory Text,none,国际女童日的设立，是为了推动女童受教育权的实现。,国际女童日的设立，是为了推动女童受教育权的实现。,KEEP,国际女童日/女童,纪念日名称与设立宗旨,该国际纪念日的设立是为了推动受教育权,easy
NEG-0731,N4,四、专有名词与固定名称,Proper Names and Fixed Designations,N4.4,4.4 节日与纪念日,Festivals and Commemorative Days,学术与调研,Academic and Research,none,重阳节又称老人节，与母亲节、父亲节不同，是本土节日。,重阳节又称老人节，与母亲节、父亲节不同，是本土节日。,KEEP,母亲节/父亲节,节日名称与对比说明,重阳节又称老人节，与舶来节日不同,easy
NEG-0732,N4,四、专有名词与固定名称,Proper Names and Fixed Designations,N4.5,4.5 作品名与文化产品,Work Titles and Cultural Products,文艺创作与评论,Literary and Cultural Writing,none,《女勇士》是汤亭亭的代表作，被视为华裔美国文学的起点之一。,《女勇士》是汤亭亭的代表作，被视为华裔美国文学的起点之一。,KEEP,女勇士,书名,这部代表作被视为华裔美国文学的起点之一,easy
NEG-0733,N4,四、专有名词与固定名称,Proper Names and Fixed Designations,N4.5,4.5 作品名与文化产品,Work Titles and Cultural Products,学术与调研,Academic and Research,none,《男人来自火星，女人来自金星》曾长期占据畅销榜前列。,《男人来自火星，女人来自金星》曾长期占据畅销榜前列。,KEEP,男人来自火星,书名,这本两性关系读物曾长期占据畅销榜,easy
NEG-0734,N4,四、专有名词与固定名称,Proper Names and Fixed Designations,N4.5,4.5 作品名与文化产品,Work Titles and Cultural Products,文艺创作与评论,Literary and Cultural Writing,none,“大女主”剧近几年数量明显增加，质量却参差不齐。,“大女主”剧近几年数量明显增加，质量却参差不齐。,KEEP,大女主,行业通用品类名,女性主角剧近几年数量明显增加,medium
NEG-0735,N4,四、专有名词与固定名称,Proper Names and Fixed Designations,N4.5,4.5 作品名与文化产品,Work Titles and Cultural Products,新闻报道,News Reporting,none,《男人帮》第二季的嘉宾阵容已经公布。,《男人帮》第二季的嘉宾阵容已经公布。,KEEP,男人帮,节目名,该综艺第二季的嘉宾阵容已经公布,easy
NEG-0737,N4,四、专有名词与固定名称,Proper Names and Fixed Designations,N4.6,4.6 历史与制度术语,Historical and Institutional Terms,法律与司法,Legal and Judicial,none,休妻在唐律中有“七出”之条，同时也有“三不去”的限制。,休妻在唐律中有“七出”之条，同时也有“三不去”的限制。,KEEP,休妻/七出/三不去,唐律的法定制度术语,古代离异制度既有条件也有限制,easy
NEG-0738,N4,四、专有名词与固定名称,Proper Names and Fixed Designations,N4.6,4.6 历史与制度术语,Historical and Institutional Terms,其他,Other,none,女户是宋代户籍中的一类，指户内无男性成丁的家庭。,女户是宋代户籍中的一类，指户内无男性成丁的家庭。,KEEP,女户/男性成丁,历史户籍制度术语,这是宋代户籍中的一类特殊家庭,easy
NEG-0739,N4,四、专有名词与固定名称,Proper Names and Fixed Designations,N4.6,4.6 历史与制度术语,Historical and Institutional Terms,公文与规章,Official and Regulatory Text,none,诰命夫人的封赠制度在明清两代都有详细规定。,诰命夫人的封赠制度在明清两代都有详细规定。,KEEP,诰命夫人,历史封赠制度名称,该封赠制度在明清两代都有详细规定,easy
NEG-0740,N4,四、专有名词与固定名称,Proper Names and Fixed Designations,N4.6,4.6 历史与制度术语,Historical and Institutional Terms,学术与调研,Academic and Research,none,妇好墓的发掘，改变了学界对商代女性地位的既有认识。,妇好墓的发掘，改变了学界对商代女性地位的既有认识。,KEEP,妇好/女性地位,墓主专名与研究结论,这座墓的发掘改变了学界对商代社会的认识,medium
NEG-0741,N4,四、专有名词与固定名称,Proper Names and Fixed Designations,N4.6,4.6 历史与制度术语,Historical and Institutional Terms,其他,Other,none,“男女授受不亲”出自《孟子》，原文其实有具体的语境限定。,“男女授受不亲”出自《孟子》，原文其实有具体的语境限定。,KEEP,男女授受不亲,经典成句，且句子在澄清其被误用,这句常被引用的话出自《孟子》,medium
NEG-0743,N4,四、专有名词与固定名称,Proper Names and Fixed Designations,N4.7,4.7 学术与批判性概念,Academic and Critical Concepts,学术与调研,Academic and Research,none,母权制假说在人类学界早已不再被普遍接受。,母权制假说在人类学界早已不再被普遍接受。,KEEP,母权制,学术概念名称,该假说在人类学界早已不被普遍接受,medium
NEG-0744,N4,四、专有名词与固定名称,Proper Names and Fixed Designations,N4.7,4.7 学术与批判性概念,Academic and Critical Concepts,学术与调研,Academic and Research,none,“男性气质”研究关注的是男性同样受到的规范约束。,“男性气质”研究关注的是男性同样受到的规范约束。,KEEP,男性气质/男性,学术领域名称与研究对象,该领域研究关注的是人们受到的规范约束,hard
NEG-0745,N4,四、专有名词与固定名称,Proper Names and Fixed Designations,N4.7,4.7 学术与批判性概念,Academic and Critical Concepts,其他,Other,none,“粉领”指的是以女性从业者为主的服务性白领职业。,“粉领”指的是以女性从业者为主的服务性白领职业。,KEEP,粉领/女性,术语定义,该术语指的是一类服务性白领职业,hard
NEG-0747,N4,四、专有名词与固定名称,Proper Names and Fixed Designations,N4.7,4.7 学术与批判性概念,Academic and Critical Concepts,学术与调研,Academic and Research,none,“荡妇羞辱”与“处女情结”在同一套观念体系里互为表里。,“荡妇羞辱”与“处女情结”在同一套观念体系里互为表里。,KEEP,荡妇羞辱/处女情结,批判性学术术语，是分析对象,两种相关观念在同一体系里互为表里,hard
NEG-0748,N4,四、专有名词与固定名称,Proper Names and Fixed Designations,N4.8,4.8 品牌、产品与商业名称,"Brands, Products, and Commercial Names",其他,Other,none,这家老百货至今保留着“男装部”“女鞋区”的旧称呼。,这家老百货至今保留着“男装部”“女鞋区”的旧称呼。,KEEP,男装部/女鞋区,对既有标识的记述,这家老百货至今保留着旧式分区称呼,medium
NEG-0749,N4,四、专有名词与固定名称,Proper Names and Fixed Designations,N4.8,4.8 品牌、产品与商业名称,"Brands, Products, and Commercial Names",其他,Other,none,“她力量”“他经济”这类造词，近两年在文案里已经泛滥。,“她力量”“他经济”这类造词，近两年在文案里已经泛滥。,KEEP,她力量/他经济,被批评的营销造词,这类性别化造词近两年在文案里已经泛滥,hard
NEG-0750,N4,四、专有名词与固定名称,Proper Names and Fixed Designations,N4.8,4.8 品牌、产品与商业名称,"Brands, Products, and Commercial Names",其他,Other,none,母婴品类的客单价高于平台平均水平约四成。,母婴品类的客单价高于平台平均水平约四成。,KEEP,母婴品类,商品类目名称,该品类的客单价高于平台平均水平,easy
NEG-0752,N5,五、引用与转述,Quotations and Reported Speech,N5.1,5.1 直接引语,Direct Quotations,社交与社区,Social and Community,none,原博那句“我妈这辈子没为自己活过一天”，转发量过了十万。,原博那句“我妈这辈子没为自己活过一天”，转发量过了十万。,KEEP,我妈,被引用的原文,原博关于母亲一生的那句话转发量过十万,hard
NEG-0753,N5,五、引用与转述,Quotations and Reported Speech,N5.1,5.1 直接引语,Direct Quotations,法律与司法,Legal and Judicial,none,截图里“你一个女的懂什么”这句，是全案的关键证据。,截图里“你一个女的懂什么”这句，是全案的关键证据。,KEEP,你一个女的懂什么,证据原文，改写即毁证,截图里那句侮辱性言论是全案关键证据,hard
NEG-0754,N5,五、引用与转述,Quotations and Reported Speech,N5.1,5.1 直接引语,Direct Quotations,文艺创作与评论,Literary and Cultural Writing,none,她在台上说：“我父亲不识字，但他知道供女儿读书。”,她在台上说：“我父亲不识字，但他知道供女儿读书。”,KEEP,父亲/他/女儿,演讲原话,她在台上谈到了家人对教育的支持,hard
NEG-0755,N5,五、引用与转述,Quotations and Reported Speech,N5.1,5.1 直接引语,Direct Quotations,新闻报道,News Reporting,none,“我们村第一个考出去的女娃就是她。”老支书说这话时挺自豪。,“我们村第一个考出去的女娃就是她。”老支书说这话时挺自豪。,KEEP,女娃/她,受访者原话,“我们村第一个考出去的就是这孩子。”,hard
NEG-0756,N5,五、引用与转述,Quotations and Reported Speech,N5.1,5.1 直接引语,Direct Quotations,文艺创作与评论,Literary and Cultural Writing,none,他说：“我妈那代人管这叫本分，我不这么看。”,他说：“我妈那代人管这叫本分，我不这么看。”,KEEP,我妈,逐字稿，且后半句已表明立场,他说上一代人管这叫本分，他不这么看,medium
NEG-0757,N5,五、引用与转述,Quotations and Reported Speech,N5.2,5.2 文献与史料,Documents and Historical Sources,公文与规章,Official and Regulatory Text,none,这份清代地契的立契人一栏写的是“孀妇李门王氏”。,这份清代地契的立契人一栏写的是“孀妇李门王氏”。,KEEP,孀妇/李门王氏,契约原文，是研究对象本身,这份清代地契的立契人一栏写的是寡居妇人,hard
NEG-0758,N5,五、引用与转述,Quotations and Reported Speech,N5.2,5.2 文献与史料,Documents and Historical Sources,其他,Other,none,信末落款是“母字”，那个年代母亲写给子女的信都这么收尾。,信末落款是“母字”，那个年代母亲写给子女的信都这么收尾。,KEEP,母字/母亲,书信格式的历史事实,信末落款是家长的署名,medium
NEG-0759,N5,五、引用与转述,Quotations and Reported Speech,N5.2,5.2 文献与史料,Documents and Historical Sources,学术与调研,Academic and Research,none,1930 年代的国文课本里有“男耕女织”一课，配图是插秧与织布。,1930 年代的国文课本里有“男耕女织”一课，配图是插秧与织布。,KEEP,男耕女织,旧教材篇目名,1930 年代的国文课本里有一课讲农事,easy
NEG-0760,N5,五、引用与转述,Quotations and Reported Speech,N5.2,5.2 文献与史料,Documents and Historical Sources,学术与调研,Academic and Research,none,这方墓志称其“事姑至孝”，反映了宋代对妇德的记述方式。,这方墓志称其“事姑至孝”，反映了宋代对妇德的记述方式。,KEEP,事姑至孝/妇德,碑刻原文与史学分析,这方墓志的记述方式反映了宋代的孝道观,medium
NEG-0761,N5,五、引用与转述,Quotations and Reported Speech,N5.2,5.2 文献与史料,Documents and Historical Sources,学术与调研,Academic and Research,none,和合本中“妇女”一词的用法，与现代汉语已经有了距离。,和合本中“妇女”一词的用法，与现代汉语已经有了距离。,KEEP,妇女,对译本用词的语言学考察,该译本中相关词语的用法与现代汉语有距离,medium
NEG-0762,N5,五、引用与转述,Quotations and Reported Speech,N5.3,5.3 法律与官方文书原件,Original Legal and Official Documents,其他,Other,none,合同附件载明：“乙方须为女职工提供符合规定的劳动保护。”,合同附件载明：“乙方须为女职工提供符合规定的劳动保护。”,KEEP,女职工,合同条款原文,合同附件载明乙方须提供劳动保护,medium
NEG-0763,N5,五、引用与转述,Quotations and Reported Speech,N5.3,5.3 法律与官方文书原件,Original Legal and Official Documents,法律与司法,Legal and Judicial,none,公证书记载：“被继承人之长女放弃继承，长子表示接受。”,公证书记载：“被继承人之长女放弃继承，长子表示接受。”,KEEP,长女/长子,公证文书原文,公证书记载一名子女放弃继承，另一名接受,medium
NEG-0764,N5,五、引用与转述,Quotations and Reported Speech,N5.3,5.3 法律与官方文书原件,Original Legal and Official Documents,公文与规章,Official and Regulatory Text,none,章程第八条：“监事会成员中至少应有一名女性。”,章程第八条：“监事会成员中至少应有一名女性。”,KEEP,女性,章程条文原文，且属积极行动条款,章程第八条规定监事会构成应保持多元,medium
NEG-0765,N5,五、引用与转述,Quotations and Reported Speech,N5.3,5.3 法律与官方文书原件,Original Legal and Official Documents,其他,Other,none,白皮书采用了“妇女全面发展”这一表述，与国际文件措辞略有不同。,白皮书采用了“妇女全面发展”这一表述，与国际文件措辞略有不同。,KEEP,妇女全面发展,官方文件用语，正是比较对象,白皮书采用的表述与国际文件略有不同,hard
NEG-0766,N5,五、引用与转述,Quotations and Reported Speech,N5.3,5.3 法律与官方文书原件,Original Legal and Official Documents,学术与调研,Academic and Research,none,公报原文为“保障妇女儿童合法权益”，引用时不作任何改动。,公报原文为“保障妇女儿童合法权益”，引用时不作任何改动。,KEEP,妇女儿童,公报原文，句子本身已声明不改,公报原文涉及权益保障，引用时不作改动,hard
NEG-0767,N5,五、引用与转述,Quotations and Reported Speech,N5.4,5.4 研究与调查材料,Research and Survey Materials,其他,Other,none,笔记里记着：这家的女人不上桌，我问了三次都被岔开话头。,笔记里记着：这家的女人不上桌，我问了三次都被岔开话头。,KEEP,女人,田野观察的原始记录,笔记里记着这家有分席的习惯,hard
NEG-0768,N5,五、引用与转述,Quotations and Reported Speech,N5.4,5.4 研究与调查材料,Research and Survey Materials,学术与调研,Academic and Research,none,BSRI 性别角色量表包含“有雄心”“温柔”等六十个形容词条目。,BSRI 性别角色量表包含“有雄心”“温柔”等六十个形容词条目。,KEEP,性别角色量表,量表名称与条目原文,该角色量表包含六十个形容词条目,medium
NEG-0769,N5,五、引用与转述,Quotations and Reported Speech,N5.4,5.4 研究与调查材料,Research and Survey Materials,学术与调研,Academic and Research,none,受访者说：“我妈不让我念高中，说女孩子早晚是别人家的。”,受访者说：“我妈不让我念高中，说女孩子早晚是别人家的。”,KEEP,我妈/女孩子,转录稿属原始数据,受访者说家人不让其念高中,hard
NEG-0770,N5,五、引用与转述,Quotations and Reported Speech,N5.4,5.4 研究与调查材料,Research and Survey Materials,学术与调研,Academic and Research,none,开放式回答中，“当妈的都这样”被归入 T3 类。,开放式回答中，“当妈的都这样”被归入 T3 类。,KEEP,当妈的,被编码的原始回答,开放式回答中的相关表述被归入 T3 类,medium
NEG-0771,N5,五、引用与转述,Quotations and Reported Speech,N5.4,5.4 研究与调查材料,Research and Survey Materials,医疗健康,Medical and Health,structured_text,标注要求：含性别刻板表述的样本一律标记为 1，不作改写。,标注要求：含性别刻板表述的样本一律标记为 1，不作改写。,KEEP,性别刻板表述,标注规范原文，且明确要求不改写,标注要求：含相关表述的样本标记为 1,hard
NEG-0772,N5,五、引用与转述,Quotations and Reported Speech,N5.5,5.5 批判性转述与举例,Critical Reporting and Illustrative Examples,文艺创作与评论,Literary and Cultural Writing,none,“女人四十豆腐渣”这类顺口溜，本身就是年龄与性别的双重贬低。,“女人四十豆腐渣”这类顺口溜，本身就是年龄与性别的双重贬低。,KEEP,女人四十豆腐渣,转述并批判该说法,这类顺口溜本身就是年龄与性别的双重贬低,hard
NEG-0773,N5,五、引用与转述,Quotations and Reported Speech,N5.5,5.5 批判性转述与举例,Critical Reporting and Illustrative Examples,其他,Other,none,反歧视培训列了十条常见话术，第一条就是“这个岗位女生做不了”。,反歧视培训列了十条常见话术，第一条就是“这个岗位女生做不了”。,KEEP,女生做不了,反面话术示例，是培训内容本身,反歧视培训列了十条常见的不当话术,hard
NEG-0774,N5,五、引用与转述,Quotations and Reported Speech,N5.5,5.5 批判性转述与举例,Critical Reporting and Illustrative Examples,其他,Other,none,负面样本集里包含“娘炮”“剩女”等贬抑词，用于训练识别模型。,负面样本集里包含“娘炮”“剩女”等贬抑词，用于训练识别模型。,KEEP,娘炮/剩女,训练语料中的目标词，删去则模型无从学习,负面样本集里包含若干贬抑词,hard
NEG-0775,N5,五、引用与转述,Quotations and Reported Speech,N5.5,5.5 批判性转述与举例,Critical Reporting and Illustrative Examples,新闻报道,News Reporting,none,报道用“女司机”作标题关键词，被指强化了既有偏见。,报道用“女司机”作标题关键词，被指强化了既有偏见。,KEEP,女司机,被批评对象的原文,报道的标题关键词被指强化了既有偏见,hard
NEG-0777,N6,六、自我认同与自称,Self-Identification and Self-Reference,N6.1,6.1 自我描述的性别标签,Self-Described Gender Labels,其他,Other,none,她在简历末尾写着“职场妈妈，时间管理还行”。,她在简历末尾写着“职场妈妈，时间管理还行”。,KEEP,职场妈妈,本人自选的自我描述,她在简历末尾写着“在职家长，时间管理还行”,hard
NEG-0778,N6,六、自我认同与自称,Self-Identification and Self-Reference,N6.1,6.1 自我描述的性别标签,Self-Described Gender Labels,文艺创作与评论,Literary and Cultural Writing,internet_slang,他管自己叫“娘man”，说这个词形容他刚刚好。,他管自己叫“娘man”，说这个词形容他刚刚好。,KEEP,娘man,自选标签，且已说明贴合自身,他说自己气质比较多元,hard
NEG-0779,N6,六、自我认同与自称,Self-Identification and Self-Reference,N6.1,6.1 自我描述的性别标签,Self-Described Gender Labels,学术与调研,Academic and Research,none,“我是个女权主义者。”她说这话时没有半点迟疑。,“我是个女权主义者。”她说这话时没有半点迟疑。,KEEP,女权主义者,当事人的立场自陈,她表明了自己的立场，没有半点迟疑,medium
NEG-0781,N6,六、自我认同与自称,Self-Identification and Self-Reference,N6.1,6.1 自我描述的性别标签,Self-Described Gender Labels,其他,Other,none,他自称“男性主义者”，主张男性同样应从性别议题中受益。,他自称“男性主义者”，主张男性同样应从性别议题中受益。,KEEP,男性主义者/男性,作者的立场自陈,他主张各方同样应从性别议题中受益,hard
NEG-0782,N6,六、自我认同与自称,Self-Identification and Self-Reference,N6.2,6.2 主动声明的性别与代词,Explicit Gender and Pronoun Declarations,其他,Other,none,会议名牌上她自己加了一行小字：她/她的。,会议名牌上她自己加了一行小字：她/她的。,KEEP,她/她的,本人主动添加的代词标注,会议名牌上她自己加了代词标识,hard
NEG-0783,N6,六、自我认同与自称,Self-Identification and Self-Reference,N6.2,6.2 主动声明的性别与代词,Explicit Gender and Pronoun Declarations,其他,Other,none,入职表的性别栏他留了空，HR 也没有追问。,入职表的性别栏他留了空，HR 也没有追问。,KEEP,性别栏,留空本身是本人的选择,入职表的性别栏未填写,medium
NEG-0785,N6,六、自我认同与自称,Self-Identification and Self-Reference,N6.2,6.2 主动声明的性别与代词,Explicit Gender and Pronoun Declarations,其他,Other,structured_text,资料卡上写着“男，代词他”，是本人亲自填的。,资料卡上写着“男，代词他”，是本人亲自填的。,KEEP,男/代词他,本人填写的声明,资料卡上的信息是本人亲自填的,hard
NEG-0789,N6,六、自我认同与自称,Self-Identification and Self-Reference,N6.3,6.3 社群内部用语,In-Group Community Terms,工程与技术,Engineering and Technology,internet_slang,“打工人”不分男女，“社畜”也一样。,“打工人”不分男女，“社畜”也一样。,KEEP,男女,网络自称的去性别化说明,这两个网络自称都不分性别,medium
NEG-0790,N6,六、自我认同与自称,Self-Identification and Self-Reference,N6.4,6.4 职业与身份的自我定位,Occupational and Identity Self-Positioning,文艺创作与评论,Literary and Cultural Writing,none,“我是个男的，做月嫂第七年了。”他说完自己先笑了。,“我是个男的，做月嫂第七年了。”他说完自己先笑了。,KEEP,男的/月嫂,受访者自述，且在打破职业性别预期,“我做月嫂第七年了。”他说完自己先笑了,hard
NEG-0791,N6,六、自我认同与自称,Self-Identification and Self-Reference,N6.4,6.4 职业与身份的自我定位,Occupational and Identity Self-Positioning,文艺创作与评论,Literary and Cultural Writing,none,“作为一个女船长，我最烦的问题就是你怎么会干这行。”,“作为一个女船长，我最烦的问题就是你怎么会干这行。”,KEEP,女船长,受访者自我定位，是全段主旨,“作为一名船长，我最烦的问题是……”,hard
NEG-0792,N6,六、自我认同与自称,Self-Identification and Self-Reference,N6.4,6.4 职业与身份的自我定位,Occupational and Identity Self-Positioning,其他,Other,none,她在名片上印了“女性工程师”，说这是她自己的选择。,她在名片上印了“女性工程师”，说这是她自己的选择。,KEEP,女性工程师,本人的主动选择，句子已明说,她在名片上印了“工程师”,hard
NEG-0793,N6,六、自我认同与自称,Self-Identification and Self-Reference,N6.4,6.4 职业与身份的自我定位,Occupational and Identity Self-Positioning,学术与调研,Academic and Research,none,“全职妈妈也是一种职业。”她在采访里强调了三遍。,“全职妈妈也是一种职业。”她在采访里强调了三遍。,KEEP,全职妈妈,受访者的核心主张,“全职家长也是一种职业。”,hard
NEG-0795,N6,六、自我认同与自称,Self-Identification and Self-Reference,N6.5,6.5 艺名、网名、角色名,"Stage Names, Usernames, and Character Names",其他,Other,none,这个 ID 叫“隔壁王阿姨”，博主其实是个二十岁的男生。,这个 ID 叫“隔壁王阿姨”，博主其实是个二十岁的男生。,KEEP,王阿姨/男生,账号名与本人身份的反差正是信息点,这个 ID 与博主本人身份不符,hard
NEG-0824,N7,七、语言本体层面的历史残留,Lexicalized and Historically Conventional Gender Forms,N7.1,7.1 字形理据,Orthographic Motivation,其他,Other,none,“娘”字本义是年轻女子，后来才专门用来指母亲。,“娘”字本义是年轻女子，后来才专门用来指母亲。,KEEP,娘,词义演变的语言学事实,这个字的本义与后起义不同,medium
NEG-0825,N7,七、语言本体层面的历史残留,Lexicalized and Historically Conventional Gender Forms,N7.1,7.1 字形理据,Orthographic Motivation,学术与调研,Academic and Research,none,“你”和“您”在古汉语里没有对应的性别分化。,“你”和“您”在古汉语里没有对应的性别分化。,KEEP,你/您/性别分化,语言史事实,这两个第二人称在古汉语里没有分化,medium
NEG-0826,N7,七、语言本体层面的历史残留,Lexicalized and Historically Conventional Gender Forms,N7.1,7.1 字形理据,Orthographic Motivation,学术与调研,Academic and Research,none,“姓”从女、生声，与母系社会的说法有关，但不能直接等同。,“姓”从女、生声，与母系社会的说法有关，但不能直接等同。,KEEP,姓/女/母系社会,形声结构与学术审慎表述,该字的构形与早期社会结构有关,medium
NEG-0827,N7,七、语言本体层面的历史残留,Lexicalized and Historically Conventional Gender Forms,N7.1,7.1 字形理据,Orthographic Motivation,其他,Other,none,“妻”字的甲骨文字形，学界至今有不同解释。,“妻”字的甲骨文字形，学界至今有不同解释。,KEEP,妻,古文字研究对象,该字的甲骨文字形，学界至今有不同解释,medium
NEG-0828,N7,七、语言本体层面的历史残留,Lexicalized and Historically Conventional Gender Forms,N7.2,7.2 敬语传统的中性化用法,Gender-Neutralized Traditional Honorifics,学术与调研,Academic and Research,dialect,南方一些地方管中医、账房都叫“先生”，是职业敬称。,南方一些地方管中医、账房都叫“先生”，是职业敬称。,KEEP,先生,方言中的职业敬称,南方一些地方对这些职业有专门敬称,medium
NEG-0829,N7,七、语言本体层面的历史残留,Lexicalized and Historically Conventional Gender Forms,N7.2,7.2 敬语传统的中性化用法,Gender-Neutralized Traditional Honorifics,其他,Other,none,“师父”这个称呼在很多行当里都不分性别。,“师父”这个称呼在很多行当里都不分性别。,KEEP,师父,已中性化的称谓,这个称呼在很多行当里都不分性别,medium
NEG-0830,N7,七、语言本体层面的历史残留,Lexicalized and Historically Conventional Gender Forms,N7.2,7.2 敬语传统的中性化用法,Gender-Neutralized Traditional Honorifics,其他,Other,none,饭馆里管老板娘也直接叫“老板”，现在越来越普遍。,饭馆里管老板娘也直接叫“老板”，现在越来越普遍。,KEEP,老板娘/老板,称谓演变的实况描述,饭馆里的称呼现在越来越统一,medium
NEG-0832,N7,七、语言本体层面的历史残留,Lexicalized and Historically Conventional Gender Forms,N7.3,7.3 已中性化的复合词,Lexicalized Gender-Neutral Compounds,学术与调研,Academic and Research,none,“子女”是中性词，不必再改成别的说法。,“子女”是中性词，不必再改成别的说法。,KEEP,子女,句子本身在说明该词无需改写,这个词是中性的，不必再改,medium
NEG-0833,N7,七、语言本体层面的历史残留,Lexicalized and Historically Conventional Gender Forms,N7.3,7.3 已中性化的复合词,Lexicalized Gender-Neutral Compounds,其他,Other,none,文中的“父辈”泛指上一代人，并不专指父亲。,文中的“父辈”泛指上一代人，并不专指父亲。,KEEP,父辈/父亲,用词说明,文中的这一称呼泛指上一代人,medium
NEG-0837,N7,七、语言本体层面的历史残留,Lexicalized and Historically Conventional Gender Forms,N7.4,7.4 语法性词汇,Grammaticalized Vocabulary,学术与调研,Academic and Research,none,“妈祖”的“妈”是尊称语素，不作亲属义理解。,“妈祖”的“妈”是尊称语素，不作亲属义理解。,KEEP,妈祖/妈,专名构词说明,这一专名中的成分不作字面理解,medium
NEG-0838,N7,七、语言本体层面的历史残留,Lexicalized and Historically Conventional Gender Forms,N7.4,7.4 语法性词汇,Grammaticalized Vocabulary,学术与调研,Academic and Research,none,德语名词分三性，“女孩”一词偏偏是中性，常被拿来当例子。,德语名词分三性，“女孩”一词偏偏是中性，常被拿来当例子。,KEEP,三性/女孩,语法性属的经典例证,德语名词分三性，常有名实不符的例子,medium
NEG-0839,N7,七、语言本体层面的历史残留,Lexicalized and Historically Conventional Gender Forms,N7.4,7.4 语法性词汇,Grammaticalized Vocabulary,学术与调研,Academic and Research,none,阿拉伯语动词随主语性别变位，译成中文时一律不体现。,阿拉伯语动词随主语性别变位，译成中文时一律不体现。,KEEP,性别变位,跨语言对比,阿拉伯语动词随主语变位，译成中文不体现,easy
NEG-0841,N7,七、语言本体层面的历史残留,Lexicalized and Historically Conventional Gender Forms,N7.5,7.5 惯用搭配与固定表达,Idiomatic Collocations and Fixed Expressions,其他,Other,none,“夫唱妇随”在这篇文章里是被批评的对象，不是主张。,“夫唱妇随”在这篇文章里是被批评的对象，不是主张。,KEEP,夫唱妇随,句子本身在澄清立场,这个成语在文中是被批评的对象,hard
NEG-0844,N8,八、假触发词（形似而非）,False Gender Triggers,N8.1,8.1 建筑与工程构件,Architectural and Engineering Components,其他,Other,none,子母门的常闭扇平时锁死，消防检查时必须能打开。,子母门的常闭扇平时锁死，消防检查时必须能打开。,KEEP,子母门,门型名称,双扇门的常闭扇平时锁死,easy
NEG-0846,N8,八、假触发词（形似而非）,False Gender Triggers,N8.2,8.2 机械电气与器件,"Mechanical, Electrical, and Device Terms",工程与技术,Engineering and Technology,none,母排与支路的连接处要做绝缘包扎。,母排与支路的连接处要做绝缘包扎。,KEEP,母排,电气元件名称,汇流排与支路的连接处要做绝缘包扎,easy
NEG-0849,N8,八、假触发词（形似而非）,False Gender Triggers,N8.3,8.3 生物农业与育种,"Biology, Agriculture, and Breeding Terms",其他,Other,none,这批种子的父母本纯度检测报告在附件里。,这批种子的父母本纯度检测报告在附件里。,KEEP,父母本,育种检验术语,这批种子的亲本纯度检测报告在附件里,medium
NEG-0850,N8,八、假触发词（形似而非）,False Gender Triggers,N8.3,8.3 生物农业与育种,"Biology, Agriculture, and Breeding Terms",工程与技术,Engineering and Technology,none,雄蕊和雌蕊长在同一朵花里的，叫两性花。,雄蕊和雌蕊长在同一朵花里的，叫两性花。,KEEP,雄蕊/雌蕊/两性花,植物解剖学术语,两种花蕊长在同一朵花里的叫两性花,easy
NEG-0851,N8,八、假触发词（形似而非）,False Gender Triggers,N8.3,8.3 生物农业与育种,"Biology, Agriculture, and Breeding Terms",其他,Other,none,公狗和母狗的免疫程序基本一致，绝育时间有差别。,公狗和母狗的免疫程序基本一致，绝育时间有差别。,KEEP,公狗/母狗,动物性别的临床区分,犬类的免疫程序基本一致，绝育时间有差别,medium
NEG-0852,N8,八、假触发词（形似而非）,False Gender Triggers,N8.3,8.3 生物农业与育种,"Biology, Agriculture, and Breeding Terms",其他,Other,none,从母株扦插繁殖出来的苗，性状比较稳定。,从母株扦插繁殖出来的苗，性状比较稳定。,KEEP,母株,园艺术语,从原株扦插繁殖出来的苗性状比较稳定,easy
NEG-0853,N8,八、假触发词（形似而非）,False Gender Triggers,N8.3,8.3 生物农业与育种,"Biology, Agriculture, and Breeding Terms",医疗健康,Medical and Health,none,益母草是常用中药，但并非只有女性能用。,益母草是常用中药，但并非只有女性能用。,KEEP,益母草/女性,药名与用药说明，句子在破除误解,这味常用中药并非只有特定人群能用,hard
NEG-0854,N8,八、假触发词（形似而非）,False Gender Triggers,N8.4,8.4 计算机与数学,Computing and Mathematics Terms,工程与技术,Engineering and Technology,none,这个叫父容器，里面嵌的都是子容器。,这个叫父容器，里面嵌的都是子容器。,KEEP,父容器/子容器,布局术语,这个叫外层容器，里面嵌的都是内层容器,easy
NEG-0855,N8,八、假触发词（形似而非）,False Gender Triggers,N8.4,8.4 计算机与数学,Computing and Mathematics Terms,其他,Other,none,维度表和事实表之间是父子关系，靠主键关联。,维度表和事实表之间是父子关系，靠主键关联。,KEEP,父子关系,数据建模术语,两类表之间是层级关系，靠主键关联,medium
NEG-0856,N8,八、假触发词（形似而非）,False Gender Triggers,N8.4,8.4 计算机与数学,Computing and Mathematics Terms,其他,Other,none,母版幻灯片改一次，全篇的版式都会跟着变。,母版幻灯片改一次，全篇的版式都会跟着变。,KEEP,母版,演示软件功能名称,模板幻灯片改一次，全篇版式都会变,easy
NEG-0857,N8,八、假触发词（形似而非）,False Gender Triggers,N8.5,8.5 组织与商业术语,Organizational and Commercial Terms,工程与技术,Engineering and Technology,none,这批酒的母液回收之后还能再用两轮。,这批酒的母液回收之后还能再用两轮。,KEEP,母液,化工与酿造术语,这批酒的原液回收之后还能再用两轮,easy
NEG-0858,N8,八、假触发词（形似而非）,False Gender Triggers,N8.5,8.5 组织与商业术语,Organizational and Commercial Terms,医疗健康,Medical and Health,none,航空母舰的甲板长度直接决定了舰载机的起降方式。,航空母舰的甲板长度直接决定了舰载机的起降方式。,KEEP,航空母舰,装备正式名称,大型舰艇的甲板长度决定舰载机起降方式,easy
NEG-0859,N8,八、假触发词（形似而非）,False Gender Triggers,N8.5,8.5 组织与商业术语,Organizational and Commercial Terms,学术与调研,Academic and Research,none,母语者的语感很难只靠语法书获得。,母语者的语感很难只靠语法书获得。,KEEP,母语者,语言学术语,第一语言使用者的语感很难只靠语法书获得,medium
NEG-0860,N8,八、假触发词（形似而非）,False Gender Triggers,N8.6,8.6 固定词与成语,Fixed Expressions and Idioms,口语与私人交流,Spoken and Private Communication,none,“老母鸡带小鸡”常用来形容师傅带徒弟。,“老母鸡带小鸡”常用来形容师傅带徒弟。,KEEP,老母鸡带小鸡,俗语原文,这句俗语常用来形容师傅带徒弟,medium
NEG-0862,N8,八、假触发词（形似而非）,False Gender Triggers,N8.7,8.7 专名、地名与商标,"Proper Names, Place Names, and Trademarks",其他,Other,none,女贞是常见的绿化树种，冬天也不落叶。,女贞是常见的绿化树种，冬天也不落叶。,KEEP,女贞,植物学名,这种常见绿化树种冬天也不落叶,easy
NEG-0865,N1,一、指称已知性别的具体个人,Specific Individuals of Known Gender,N1.1,1.1 姓名与社会称谓,Personal Names and Social Titles,口语与私人交流,Spoken and Private Communication,none,我们科护士长姓吴，大家都叫她吴姐。,我们科护士长姓吴，大家都叫她吴姐。,KEEP,她/吴姐,对具体同事的称呼,我们科护士长姓吴，大家都这么叫,hard
NEG-0868,N1,一、指称已知性别的具体个人,Specific Individuals of Known Gender,N1.1,1.1 姓名与社会称谓,Personal Names and Social Titles,口语与私人交流,Spoken and Private Communication,none,外婆管隔壁那位叫“三婶儿”，其实两家没亲戚关系。,外婆管隔壁那位叫“三婶儿”，其实两家没亲戚关系。,KEEP,外婆/三婶儿,拟亲属称谓的实况描述,长辈管隔壁那位有个专门叫法,hard
NEG-0869,N1,一、指称已知性别的具体个人,Specific Individuals of Known Gender,N1.1,1.1 姓名与社会称谓,Personal Names and Social Titles,其他,Other,none,这位是甲方对接人周总，她今天到现场。,这位是甲方对接人周总，她今天到现场。,KEEP,周总/她,对具体合作方人员的指称,这位是甲方对接人周总，其今天到现场,medium
NEG-0870,N1,一、指称已知性别的具体个人,Specific Individuals of Known Gender,N1.1,1.1 姓名与社会称谓,Personal Names and Social Titles,工程与技术,Engineering and Technology,abbreviation,快递单收件人写的是“王小姐”，人不在就放驿站。,快递单收件人写的是“王小姐”，人不在就放驿站。,KEEP,王小姐,单据上的既有信息,快递单收件人信息如无人签收就放驿站,medium
NEG-0871,N1,一、指称已知性别的具体个人,Specific Individuals of Known Gender,N1.1,1.1 姓名与社会称谓,Personal Names and Social Titles,文艺创作与评论,Literary and Cultural Writing,none,讣告落款署“孝男某某泣血稽颡”，是旧式格式。,讣告落款署“孝男某某泣血稽颡”，是旧式格式。,KEEP,孝男,丧仪文书的固定格式,讣告落款用的是旧式格式,medium
NEG-0872,N1,一、指称已知性别的具体个人,Specific Individuals of Known Gender,N1.2,1.2 人称代词,Personal Pronouns,口语与私人交流,Spoken and Private Communication,none,你问她干嘛，她自己都不知道明天几点走。,你问她干嘛，她自己都不知道明天几点走。,KEEP,她,指称在场双方已知的具体某人,你问TA干嘛，TA自己都不知道,hard
NEG-0873,N1,一、指称已知性别的具体个人,Specific Individuals of Known Gender,N1.2,1.2 人称代词,Personal Pronouns,口语与私人交流,Spoken and Private Communication,none,孩子他妈今天加班，我来接。,孩子他妈今天加班，我来接。,KEEP,孩子他妈,口语中对配偶的指称方式,孩子的家长今天加班，我来接,hard
NEG-0874,N1,一、指称已知性别的具体个人,Specific Individuals of Known Gender,N1.2,1.2 人称代词,Personal Pronouns,其他,Other,none,甲方那边谁负责？——她，穿蓝衣服那个。,甲方那边谁负责？——她，穿蓝衣服那个。,KEEP,她,现场指认某个具体的人,甲方那边谁负责？——那位穿蓝衣服的,hard
NEG-0875,N1,一、指称已知性别的具体个人,Specific Individuals of Known Gender,N1.2,1.2 人称代词,Personal Pronouns,其他,Other,none,这题他会做，让他上来讲一遍。,这题他会做，让他上来讲一遍。,KEEP,他,指称班上某位具体学生,这题这位同学会做，让他上来讲,medium
NEG-0876,N1,一、指称已知性别的具体个人,Specific Individuals of Known Gender,N1.2,1.2 人称代词,Personal Pronouns,新闻报道,News Reporting,none,两位老人身体都还硬朗，她七十八，他八十一。,两位老人身体都还硬朗，她七十八，他八十一。,KEEP,她/他,分别指称两位具体老人，改写会混淆,两位老人身体都还硬朗，分别是七十八和八十一,hard
NEG-0877,N1,一、指称已知性别的具体个人,Specific Individuals of Known Gender,N1.2,1.2 人称代词,Personal Pronouns,口语与私人交流,Spoken and Private Communication,none,别问了，她不愿意提这事。,别问了，她不愿意提这事。,KEEP,她,指称具体某人,别问了，TA不愿意提这事,hard
NEG-0879,N1,一、指称已知性别的具体个人,Specific Individuals of Known Gender,N1.2,1.2 人称代词,Personal Pronouns,社交与社区,Social and Community,pinyin_abbreviation,她说她一个人也能扛，我信 dbq 我多嘴了,她说她一个人也能扛，我信 dbq 我多嘴了,KEEP,她,指称具体某人，含网络缩写,TA说TA一个人也能扛,hard
NEG-0881,N1,一、指称已知性别的具体个人,Specific Individuals of Known Gender,N1.3,1.3 血亲与姻亲称谓,Kinship and Affinal Terms,口语与私人交流,Spoken and Private Communication,none,我姑父是木匠，家里的家具都是他打的。,我姑父是木匠，家里的家具都是他打的。,KEEP,姑父/他,姻亲称谓，特指姑母的配偶,我家长辈是木匠，家具都是他打的,medium
NEG-0882,N1,一、指称已知性别的具体个人,Specific Individuals of Known Gender,N1.3,1.3 血亲与姻亲称谓,Kinship and Affinal Terms,口语与私人交流,Spoken and Private Communication,none,婶婶做的酸菜，我一次能吃两碗。,婶婶做的酸菜，我一次能吃两碗。,KEEP,婶婶,父系姻亲称谓,家里长辈做的酸菜，我一次能吃两碗,medium
NEG-0884,N1,一、指称已知性别的具体个人,Specific Individuals of Known Gender,N1.3,1.3 血亲与姻亲称谓,Kinship and Affinal Terms,口语与私人交流,Spoken and Private Communication,none,丈母娘住得近，孩子多亏她帮着带。,丈母娘住得近，孩子多亏她帮着带。,KEEP,丈母娘/她,姻亲称谓，无中性对应词,岳家长辈住得近，孩子多亏帮着带,medium
NEG-0886,N1,一、指称已知性别的具体个人,Specific Individuals of Known Gender,N1.3,1.3 血亲与姻亲称谓,Kinship and Affinal Terms,口语与私人交流,Spoken and Private Communication,none,大姨子把她那套房子租出去了。,大姨子把她那套房子租出去了。,KEEP,大姨子/她,姻亲称谓，特指妻子的姐姐,亲戚把那套房子租出去了,medium
NEG-0887,N1,一、指称已知性别的具体个人,Specific Individuals of Known Gender,N1.3,1.3 血亲与姻亲称谓,Kinship and Affinal Terms,口语与私人交流,Spoken and Private Communication,none,弟媳妇是护士，值夜班比较多。,弟媳妇是护士，值夜班比较多。,KEEP,弟媳妇,姻亲称谓,家里的亲属是护士，值夜班比较多,medium
NEG-0888,N1,一、指称已知性别的具体个人,Specific Individuals of Known Gender,N1.3,1.3 血亲与姻亲称谓,Kinship and Affinal Terms,其他,Other,none,这是我们家老三，我大哥的女儿。,这是我们家老三，我大哥的女儿。,KEEP,大哥/女儿,家族排行与亲属关系,这是我们家老三，我兄长的孩子,medium
NEG-0889,N1,一、指称已知性别的具体个人,Specific Individuals of Known Gender,N1.3,1.3 血亲与姻亲称谓,Kinship and Affinal Terms,其他,Other,none,继父待我不薄，这一点我一直记着。,继父待我不薄，这一点我一直记着。,KEEP,继父,再婚家庭的亲属称谓,长辈待我不薄，这一点我一直记着,hard
NEG-0890,N1,一、指称已知性别的具体个人,Specific Individuals of Known Gender,N1.3,1.3 血亲与姻亲称谓,Kinship and Affinal Terms,文艺创作与评论,Literary and Cultural Writing,none,养父母把我供到大学，这份情我一辈子还不完。,养父母把我供到大学，这份情我一辈子还不完。,KEEP,养父母,收养关系的称谓,家人把我供到大学，这份情我还不完,medium
NEG-0892,N1,一、指称已知性别的具体个人,Specific Individuals of Known Gender,N1.3,1.3 血亲与姻亲称谓,Kinship and Affinal Terms,学术与调研,Academic and Research,none,他跟我是同父异母，小时候没在一块儿长大。,他跟我是同父异母，小时候没在一块儿长大。,KEEP,同父异母,血缘关系的精确表述,他跟我是同一个家庭出来的,hard
NEG-0893,N1,一、指称已知性别的具体个人,Specific Individuals of Known Gender,N1.3,1.3 血亲与姻亲称谓,Kinship and Affinal Terms,口语与私人交流,Spoken and Private Communication,none,族里排辈分，我得管他叫叔，其实比我小两岁。,族里排辈分，我得管他叫叔，其实比我小两岁。,KEEP,叔,宗族辈分称谓,族里排辈分，我得管他叫长辈,medium
NEG-0894,N1,一、指称已知性别的具体个人,Specific Individuals of Known Gender,N1.3,1.3 血亲与姻亲称谓,Kinship and Affinal Terms,口语与私人交流,Spoken and Private Communication,none,外甥女考上美院那年，我姐哭了半宿。,外甥女考上美院那年，我姐哭了半宿。,KEEP,外甥女/我姐,旁系亲属称谓,家里孩子考上美院那年，我姐妹哭了半宿,medium
NEG-0895,N1,一、指称已知性别的具体个人,Specific Individuals of Known Gender,N1.3,1.3 血亲与姻亲称谓,Kinship and Affinal Terms,医疗健康,Medical and Health,none,“公公”在旧小说里也指宦官，不只是丈夫的父亲。,“公公”在旧小说里也指宦官，不只是丈夫的父亲。,KEEP,公公/丈夫,一词多义的说明，两义都需保留,这一称呼在旧小说里另有所指,hard
NEG-0896,N1,一、指称已知性别的具体个人,Specific Individuals of Known Gender,N1.4,1.4 伴侣与恋爱关系,Partners and Romantic Relationships,新闻报道,News Reporting,none,老伴走了三年，他还是每天做两个人的饭。,老伴走了三年，他还是每天做两个人的饭。,KEEP,老伴/他,对具体人物的描写,伴侣走了三年，他还是做两个人的饭,medium
NEG-0899,N1,一、指称已知性别的具体个人,Specific Individuals of Known Gender,N1.4,1.4 伴侣与恋爱关系,Partners and Romantic Relationships,其他,Other,none,“结发妻子”这个说法，现在基本只在书面上见得到。,“结发妻子”这个说法，现在基本只在书面上见得到。,KEEP,结发妻子,对旧称谓的语用观察,这类旧式称谓现在只在书面上见得到,medium
NEG-0900,N1,一、指称已知性别的具体个人,Specific Individuals of Known Gender,N1.4,1.4 伴侣与恋爱关系,Partners and Romantic Relationships,新闻报道,News Reporting,none,她初恋是高中同桌，后来去了外地。,她初恋是高中同桌，后来去了外地。,KEEP,她/初恋,对具体经历的叙述,TA初恋是高中同桌，后来去了外地,medium
NEG-0902,N1,一、指称已知性别的具体个人,Specific Individuals of Known Gender,N1.4,1.4 伴侣与恋爱关系,Partners and Romantic Relationships,其他,Other,none,未婚夫家里在张罗婚礼，她只管人到就行。,未婚夫家里在张罗婚礼，她只管人到就行。,KEEP,未婚夫/她,关系称谓与具体安排,伴侣家里在张罗婚礼，TA只管人到,hard
NEG-0903,N1,一、指称已知性别的具体个人,Specific Individuals of Known Gender,N1.4,1.4 伴侣与恋爱关系,Partners and Romantic Relationships,新闻报道,News Reporting,none,登记那天他俩谁都没请假，中午吃了碗面。,登记那天他俩谁都没请假，中午吃了碗面。,KEEP,他俩,对具体两人的叙述,登记那天两人谁都没请假,medium
NEG-0904,N1,一、指称已知性别的具体个人,Specific Individuals of Known Gender,N1.5,1.5 社会角色中的具体个人,Specific Individuals in Social Roles,其他,Other,abbreviation,走失老人，女，约七十岁，穿深蓝色外套。,走失老人，女，约七十岁，穿深蓝色外套。,KEEP,女,寻人信息的关键识别特征,走失老人，约七十岁，穿深蓝色外套,easy
NEG-0905,N1,一、指称已知性别的具体个人,Specific Individuals of Known Gender,N1.5,1.5 社会角色中的具体个人,Specific Individuals in Social Roles,其他,Other,structured_text,献血者信息：男，28 岁，血型 O。,献血者信息：男，28 岁，血型 O。,KEEP,男,采供血的登记字段,献血者信息：28 岁，血型 O,easy
NEG-0906,N1,一、指称已知性别的具体个人,Specific Individuals of Known Gender,N1.5,1.5 社会角色中的具体个人,Specific Individuals in Social Roles,其他,Other,none,这个岗位现在是一位女同事在做，交接会安排在下周。,这个岗位现在是一位女同事在做，交接会安排在下周。,KEEP,女同事,介绍具体在岗人员,这个岗位现在有同事在做，交接安排在下周,hard
NEG-0907,N1,一、指称已知性别的具体个人,Specific Individuals of Known Gender,N1.5,1.5 社会角色中的具体个人,Specific Individuals in Social Roles,公文与规章,Official and Regulatory Text,none,嫌疑人为两男一女，目前均已被控制。,嫌疑人为两男一女，目前均已被控制。,KEEP,两男一女,通报中的嫌疑人构成,嫌疑人共三名，目前均已被控制,easy
NEG-0908,N2,二、生理与医学必需,Biologically and Medically Necessary Gender Information,N2.1,2.1 生殖与生育,Reproduction and Childbearing,公文与规章,Official and Regulatory Text,none,哺乳期妈妈接种这个疫苗不用停奶。,哺乳期妈妈接种这个疫苗不用停奶。,KEEP,哺乳期妈妈,接种建议的适用人群,哺乳期人群接种这个疫苗不用停奶,medium
NEG-0909,N2,二、生理与医学必需,Biologically and Medically Necessary Gender Information,N2.1,2.1 生殖与生育,Reproduction and Childbearing,医疗健康,Medical and Health,none,产后 42 天要回医院做一次复查。,产后 42 天要回医院做一次复查。,KEEP,产后,产褥期随访要求,术后 42 天要回医院做一次复查,easy
NEG-0910,N2,二、生理与医学必需,Biologically and Medically Necessary Gender Information,N2.1,2.1 生殖与生育,Reproduction and Childbearing,其他,Other,none,男方精液常规异常的，建议禁欲 3 至 5 天后复查。,男方精液常规异常的，建议禁欲 3 至 5 天后复查。,KEEP,男方/精液,检查复查的操作要求,复查前建议禁欲 3 至 5 天,easy
NEG-0911,N2,二、生理与医学必需,Biologically and Medically Necessary Gender Information,N2.1,2.1 生殖与生育,Reproduction and Childbearing,口语与私人交流,Spoken and Private Communication,none,我表姐做了三次试管才成功，中间受了不少罪。,我表姐做了三次试管才成功，中间受了不少罪。,KEEP,表姐/试管,当事人经历的转述,我亲戚做了三次试管才成功,medium
NEG-0912,N2,二、生理与医学必需,Biologically and Medically Necessary Gender Information,N2.2,2.2 生理周期与内分泌,Menstrual Cycles and Endocrine Processes,医疗健康,Medical and Health,none,经期前后情绪波动大，跟激素水平变化有关。,经期前后情绪波动大，跟激素水平变化有关。,KEEP,经期,生理机制说明,这一阶段情绪波动大，跟激素变化有关,easy
NEG-0913,N2,二、生理与医学必需,Biologically and Medically Necessary Gender Information,N2.2,2.2 生理周期与内分泌,Menstrual Cycles and Endocrine Processes,其他,Other,none,甲状腺功能异常在女性中更常见，筛查阈值也不一样。,甲状腺功能异常在女性中更常见，筛查阈值也不一样。,KEEP,女性,流行病学差异与筛查依据,甲状腺功能异常的筛查阈值因人而异,medium
NEG-0915,N2,二、生理与医学必需,Biologically and Medically Necessary Gender Information,N2.3,2.3 性别特异性器官与疾病,Sex-Specific Organs and Diseases,医疗健康,Medical and Health,none,乳腺结节 3 类以下一般随访就行，不用急着处理。,乳腺结节 3 类以下一般随访就行，不用急着处理。,KEEP,乳腺结节,疾病分类与处置建议,这类结节 3 类以下一般随访就行,easy
NEG-0916,N2,二、生理与医学必需,Biologically and Medically Necessary Gender Information,N2.3,2.3 性别特异性器官与疾病,Sex-Specific Organs and Diseases,医疗健康,Medical and Health,none,子宫肌瘤要不要手术，主要看大小和有没有症状。,子宫肌瘤要不要手术，主要看大小和有没有症状。,KEEP,子宫肌瘤,疾病名称与手术指征,这类肌瘤要不要手术，主要看大小和症状,easy
NEG-0917,N2,二、生理与医学必需,Biologically and Medically Necessary Gender Information,N2.3,2.3 性别特异性器官与疾病,Sex-Specific Organs and Diseases,医疗健康,Medical and Health,none,男性也会得骨质疏松，只是发病年龄通常晚十年左右。,男性也会得骨质疏松，只是发病年龄通常晚十年左右。,KEEP,男性,破除“骨质疏松是女性病”的常见误解,骨质疏松的发病年龄因人而异,hard
NEG-0918,N2,二、生理与医学必需,Biologically and Medically Necessary Gender Information,N2.3,2.3 性别特异性器官与疾病,Sex-Specific Organs and Diseases,医疗健康,Medical and Health,none,尿路感染在女性中更高发，与尿道解剖结构有关。,尿路感染在女性中更高发，与尿道解剖结构有关。,KEEP,女性,发病率差异及其解剖学原因,尿路感染的发病率与解剖结构有关,medium
NEG-0919,N2,二、生理与医学必需,Biologically and Medically Necessary Gender Information,N2.4,2.4 药理与诊疗差异,Pharmacological and Clinical Differences,公文与规章,Official and Regulatory Text,none,这个药孕妇禁用，哺乳期需要权衡利弊。,这个药孕妇禁用，哺乳期需要权衡利弊。,KEEP,孕妇/哺乳期,用药禁忌分级,这个药特殊时期禁用，其他情况权衡利弊,easy
NEG-0920,N2,二、生理与医学必需,Biologically and Medically Necessary Gender Information,N2.4,2.4 药理与诊疗差异,Pharmacological and Clinical Differences,其他,Other,none,女性血容量相对小，同等失血量下休克来得更快。,女性血容量相对小，同等失血量下休克来得更快。,KEEP,女性,临床判断依据,血容量小的患者，同等失血量下休克更快,medium
NEG-0921,N2,二、生理与医学必需,Biologically and Medically Necessary Gender Information,N2.4,2.4 药理与诊疗差异,Pharmacological and Clinical Differences,其他,Other,none,这类药的给药剂量按体重计算，与性别无关。,这类药的给药剂量按体重计算，与性别无关。,KEEP,性别,剂量依据的说明，句子本身在排除性别,这类药的给药剂量按体重计算,medium
NEG-0922,N2,二、生理与医学必需,Biologically and Medically Necessary Gender Information,N2.5,2.5 性别确认医疗与性健康,Gender-Affirming Care and Sexual Health,其他,Other,none,安全套是唯一能同时预防怀孕和性传播疾病的方式。,安全套是唯一能同时预防怀孕和性传播疾病的方式。,KEEP,怀孕/性传播疾病,公共卫生知识要点,这一措施能同时预防两类风险,easy
NEG-0923,N2,二、生理与医学必需,Biologically and Medically Necessary Gender Information,N2.5,2.5 性别确认医疗与性健康,Gender-Affirming Care and Sexual Health,其他,Other,none,青少年性教育应当包含男女双方的生理知识。,青少年性教育应当包含男女双方的生理知识。,KEEP,男女双方,教学内容的完整性要求,青少年性教育应当包含相关生理知识,medium
NEG-0924,N2,二、生理与医学必需,Biologically and Medically Necessary Gender Information,N2.6,2.6 鉴定与研究场景,Identification and Research Contexts,其他,Other,none,骨龄片可以推断年龄，性别判断主要看骨盆形态。,骨龄片可以推断年龄，性别判断主要看骨盆形态。,KEEP,性别判断,鉴定方法的分工说明,骨龄片可以推断年龄，其他特征另作判断,easy
NEG-0925,N2,二、生理与医学必需,Biologically and Medically Necessary Gender Information,N2.6,2.6 鉴定与研究场景,Identification and Research Contexts,其他,Other,structured_text,这批标本按性别和年龄段分组编号保存。,这批标本按性别和年龄段分组编号保存。,KEEP,性别,标本管理的分组依据,这批标本按年龄段分组编号保存,easy
NEG-0926,N3,三、制度性与统计性区分,Institutionally or Statistically Necessary Gender Distinctions,N3.1,3.1 法律与行政身份,Legal and Administrative Status,医疗健康,Medical and Health,none,孩子随父姓还是随母姓，法律上都可以。,孩子随父姓还是随母姓，法律上都可以。,KEEP,父姓/母姓,姓氏选择权的法律说明,孩子随哪一方姓，法律上都可以,medium
NEG-0927,N3,三、制度性与统计性区分,Institutionally or Statistically Necessary Gender Distinctions,N3.1,3.1 法律与行政身份,Legal and Administrative Status,其他,Other,none,办理结婚登记时，男女双方须同时到场。,办理结婚登记时，男女双方须同时到场。,KEEP,男女双方,登记程序的法定要求,办理结婚登记时，双方须同时到场,medium
NEG-0928,N3,三、制度性与统计性区分,Institutionally or Statistically Necessary Gender Distinctions,N3.1,3.1 法律与行政身份,Legal and Administrative Status,公文与规章,Official and Regulatory Text,none,收养关系成立后，养子女与生父母之间的权利义务终止。,收养关系成立后，养子女与生父母之间的权利义务终止。,KEEP,养子女/生父母,法律关系的准确表述,收养关系成立后，与原家庭的权利义务终止,medium
NEG-0929,N3,三、制度性与统计性区分,Institutionally or Statistically Necessary Gender Distinctions,N3.2,3.2 劳动与社会保障,Employment and Social Security,其他,Other,none,女职工人数超过一定规模的单位应当设置卫生室。,女职工人数超过一定规模的单位应当设置卫生室。,KEEP,女职工,设施配置的法定条件,职工人数超过一定规模的单位应设卫生室,medium
NEG-0931,N3,三、制度性与统计性区分,Institutionally or Statistically Necessary Gender Distinctions,N3.2,3.2 劳动与社会保障,Employment and Social Security,公文与规章,Official and Regulatory Text,none,产假期间的社保由单位继续按月缴纳。,产假期间的社保由单位继续按月缴纳。,KEEP,产假,假期期间的待遇规定,休假期间的社保由单位继续缴纳,easy
NEG-0932,N3,三、制度性与统计性区分,Institutionally or Statistically Necessary Gender Distinctions,N3.3,3.3 体育竞技分级,Sports Classification,公文与规章,Official and Regulatory Text,none,花样滑冰双人滑与冰舞的男女分工并不相同。,花样滑冰双人滑与冰舞的男女分工并不相同。,KEEP,男女分工,项目规则说明,花样滑冰两个项目的分工并不相同,medium
NEG-0933,N3,三、制度性与统计性区分,Institutionally or Statistically Necessary Gender Distinctions,N3.3,3.3 体育竞技分级,Sports Classification,新闻报道,News Reporting,none,这个项目今年首次设女子组，报名人数超出预期。,这个项目今年首次设女子组，报名人数超出预期。,KEEP,女子组,赛事设项的变化,这个项目今年首次增设新组别,medium
NEG-0934,N3,三、制度性与统计性区分,Institutionally or Statistically Necessary Gender Distinctions,N3.3,3.3 体育竞技分级,Sports Classification,其他,Other,none,男子体操有六个单项，女子体操是四个。,男子体操有六个单项，女子体操是四个。,KEEP,男子/女子,项目设置的事实差异,体操的单项数量各组不同,easy
NEG-0936,N3,三、制度性与统计性区分,Institutionally or Statistically Necessary Gender Distinctions,N3.4,3.4 空间与设施,Spaces and Facilities,其他,Other,none,这家医院设了男性关爱门诊，主要看男科相关问题。,这家医院设了男性关爱门诊，主要看男科相关问题。,KEEP,男性关爱门诊/男科,科室名称与诊疗范围,这家医院设了专科门诊,medium
NEG-0937,N3,三、制度性与统计性区分,Institutionally or Statistically Necessary Gender Distinctions,N3.5,3.5 统计、监测与研究,"Statistics, Monitoring, and Research",学术与调研,Academic and Research,none,农村留守儿童中，母亲外出务工的比例逐年上升。,农村留守儿童中，母亲外出务工的比例逐年上升。,KEEP,母亲,留守问题研究的关键变量,农村留守儿童中，家长外出务工比例上升,medium
NEG-0938,N3,三、制度性与统计性区分,Institutionally or Statistically Necessary Gender Distinctions,N3.5,3.5 统计、监测与研究,"Statistics, Monitoring, and Research",其他,Other,none,男性在高危职业中的占比接近九成。,男性在高危职业中的占比接近九成。,KEEP,男性,职业风险分布的统计事实,高危职业的从业者构成较为集中,medium
NEG-0939,N3,三、制度性与统计性区分,Institutionally or Statistically Necessary Gender Distinctions,N3.5,3.5 统计、监测与研究,"Statistics, Monitoring, and Research",学术与调研,Academic and Research,none,女性从事无酬照料劳动的时间是男性的两倍多。,女性从事无酬照料劳动的时间是男性的两倍多。,KEEP,女性/男性,时间利用调查的核心结论,不同群体从事无酬照料劳动的时间差异明显,medium
NEG-0940,N3,三、制度性与统计性区分,Institutionally or Statistically Necessary Gender Distinctions,N3.5,3.5 统计、监测与研究,"Statistics, Monitoring, and Research",学术与调研,Academic and Research,none,本次抽样中男性受访者的应答率低于女性，需做加权处理。,本次抽样中男性受访者的应答率低于女性，需做加权处理。,KEEP,男性/女性,应答偏差与加权依据,本次抽样中部分群体应答率偏低，需加权处理,medium
NEG-0941,N3,三、制度性与统计性区分,Institutionally or Statistically Necessary Gender Distinctions,N3.6,3.6 平权、保护与专项服务,"Equality, Protection, and Targeted Services",公文与规章,Official and Regulatory Text,none,这个奖学金专门资助西部地区的女童完成义务教育。,这个奖学金专门资助西部地区的女童完成义务教育。,KEEP,女童,资助对象界定,这个奖学金专门资助西部地区儿童,hard
NEG-0942,N3,三、制度性与统计性区分,Institutionally or Statistically Necessary Gender Distinctions,N3.6,3.6 平权、保护与专项服务,"Equality, Protection, and Targeted Services",公文与规章,Official and Regulatory Text,none,分性别数据的常规采集，是性别政策评估的前提。,分性别数据的常规采集，是性别政策评估的前提。,KEEP,分性别数据,统计制度的基础要求,分类数据的常规采集是政策评估的前提,hard
NEG-0943,N3,三、制度性与统计性区分,Institutionally or Statistically Necessary Gender Distinctions,N3.6,3.6 平权、保护与专项服务,"Equality, Protection, and Targeted Services",社交与社区,Social and Community,none,本市试点为男性家长提供家庭教育指导服务。,本市试点为男性家长提供家庭教育指导服务。,KEEP,男性家长,服务对象界定，针对参与不足的群体,本市试点为家长提供家庭教育指导服务,hard
NEG-0944,N4,四、专有名词与固定名称,Proper Names and Fixed Designations,N4.1,4.1 法律法规,Laws and Regulations,公文与规章,Official and Regulatory Text,none,《中国妇女发展纲要》提出了若干量化的阶段目标。,《中国妇女发展纲要》提出了若干量化的阶段目标。,KEEP,妇女发展纲要,纲要正式名称,《发展纲要》提出了若干量化目标,easy
NEG-0945,N4,四、专有名词与固定名称,Proper Names and Fixed Designations,N4.1,4.1 法律法规,Laws and Regulations,其他,Other,none,《劳动法》对女职工和未成年工设有专章规定。,《劳动法》对女职工和未成年工设有专章规定。,KEEP,女职工,法律章节的正式表述,《劳动法》对特殊群体设有专章规定,medium
NEG-0946,N4,四、专有名词与固定名称,Proper Names and Fixed Designations,N4.2,4.2 机构、组织与场所,"Institutions, Organizations, and Venues",新闻报道,News Reporting,none,省妇幼保健院上个月搬到新址了。,省妇幼保健院上个月搬到新址了。,KEEP,妇幼保健院,机构法定名称,省保健院上个月搬到新址了,easy
NEG-0947,N4,四、专有名词与固定名称,Proper Names and Fixed Designations,N4.2,4.2 机构、组织与场所,"Institutions, Organizations, and Venues",其他,Other,none,这所学校原名“女子师范学堂”，1952 年才改的名。,这所学校原名“女子师范学堂”，1952 年才改的名。,KEEP,女子师范学堂,历史校名，改写会使沿革失真,这所学校原名师范学堂，1952 年改名,easy
NEG-0948,N4,四、专有名词与固定名称,Proper Names and Fixed Designations,N4.2,4.2 机构、组织与场所,"Institutions, Organizations, and Venues",医疗健康,Medical and Health,none,男科和泌尿外科在很多医院是合并设置的。,男科和泌尿外科在很多医院是合并设置的。,KEEP,男科,科室名称,泌尿外科在很多医院是合并设置的,easy
NEG-0949,N4,四、专有名词与固定名称,Proper Names and Fixed Designations,N4.3,4.3 奖项、荣誉与称号,"Awards, Honors, and Titles",新闻报道,News Reporting,none,“最美妈妈”这个称号是当年媒体起的，不是官方评选。,“最美妈妈”这个称号是当年媒体起的，不是官方评选。,KEEP,最美妈妈,称号原文，句子本身在作考订,这个称号是当年媒体起的，不是官方评选,medium
NEG-0951,N4,四、专有名词与固定名称,Proper Names and Fixed Designations,N4.4,4.4 节日与纪念日,Festivals and Commemorative Days,其他,Other,none,世界卵巢癌日是每年的 5 月 8 日。,世界卵巢癌日是每年的 5 月 8 日。,KEEP,卵巢癌日,纪念日正式名称,这个疾病日是每年 5 月 8 日,easy
NEG-0952,N4,四、专有名词与固定名称,Proper Names and Fixed Designations,N4.4,4.4 节日与纪念日,Festivals and Commemorative Days,医疗健康,Medical and Health,none,国际护士节与南丁格尔有关，跟护士的性别没有关系。,国际护士节与南丁格尔有关，跟护士的性别没有关系。,KEEP,护士节/性别,节日由来说明，句子在澄清误解,国际护士节与南丁格尔有关,medium
NEG-0954,N4,四、专有名词与固定名称,Proper Names and Fixed Designations,N4.5,4.5 作品名与文化产品,Work Titles and Cultural Products,文艺创作与评论,Literary and Cultural Writing,none,《傲慢与偏见》开头那句关于单身男子的话，几乎人人会背。,《傲慢与偏见》开头那句关于单身男子的话，几乎人人会背。,KEEP,单身男子,小说开篇原文的指涉,《傲慢与偏见》的开篇那句话几乎人人会背,medium
NEG-0955,N4,四、专有名词与固定名称,Proper Names and Fixed Designations,N4.5,4.5 作品名与文化产品,Work Titles and Cultural Products,学术与调研,Academic and Research,none,《小妇人》里四个姐妹各有各的路。,《小妇人》里四个姐妹各有各的路。,KEEP,小妇人/姐妹,书名与人物关系,《小妇人》里四个孩子各有各的路,easy
NEG-0956,N4,四、专有名词与固定名称,Proper Names and Fixed Designations,N4.6,4.6 历史与制度术语,Historical and Institutional Terms,其他,Other,none,“三纲五常”里的“夫为妻纲”，是后世争议最大的一条。,“三纲五常”里的“夫为妻纲”，是后世争议最大的一条。,KEEP,夫为妻纲,历史概念原文，且句子已含批判,“三纲五常”中有一条是后世争议最大的,medium
NEG-0957,N4,四、专有名词与固定名称,Proper Names and Fixed Designations,N4.6,4.6 历史与制度术语,Historical and Institutional Terms,法律与司法,Legal and Judicial,none,寡妇再嫁在不同朝代的法律待遇差别很大。,寡妇再嫁在不同朝代的法律待遇差别很大。,KEEP,寡妇再嫁,历史制度的研究对象,再婚在不同朝代的法律待遇差别很大,medium
NEG-0958,N4,四、专有名词与固定名称,Proper Names and Fixed Designations,N4.6,4.6 历史与制度术语,Historical and Institutional Terms,学术与调研,Academic and Research,none,古代的“和亲”，本质上是以女性为纽带的政治安排。,古代的“和亲”，本质上是以女性为纽带的政治安排。,KEEP,和亲/女性,历史制度及其批判性分析,古代的“和亲”本质上是一种政治安排,hard
NEG-0959,N4,四、专有名词与固定名称,Proper Names and Fixed Designations,N4.7,4.7 学术与批判性概念,Academic and Critical Concepts,学术与调研,Academic and Research,none,“男主外女主内”作为分析概念时，指的是一种劳动分工模式。,“男主外女主内”作为分析概念时，指的是一种劳动分工模式。,KEEP,男主外女主内,术语在学术语境中的界定,这一分工模式作为分析概念时另有所指,hard
NEG-0960,N4,四、专有名词与固定名称,Proper Names and Fixed Designations,N4.7,4.7 学术与批判性概念,Academic and Critical Concepts,学术与调研,Academic and Research,none,“性别表达”和“性别认同”是两个概念，不能混用。,“性别表达”和“性别认同”是两个概念，不能混用。,KEEP,性别表达/性别认同,学科基本术语的辨析,这两个相关概念不能混用,easy
NEG-0961,N4,四、专有名词与固定名称,Proper Names and Fixed Designations,N4.7,4.7 学术与批判性概念,Academic and Critical Concepts,其他,Other,none,“厌女”是学术译名，与日常说的讨厌女性不是一回事。,“厌女”是学术译名，与日常说的讨厌女性不是一回事。,KEEP,厌女,术语说明，句子在澄清误读,这一学术译名与日常理解不是一回事,hard
NEG-0962,N5,五、引用与转述,Quotations and Reported Speech,N5.1,5.1 直接引语,Direct Quotations,其他,Other,none,他在追悼会上说：“我妈一辈子没求过人。”,他在追悼会上说：“我妈一辈子没求过人。”,KEEP,我妈,悼词原话,他在追悼会上回忆了母亲的一生,hard
NEG-0963,N5,五、引用与转述,Quotations and Reported Speech,N5.1,5.1 直接引语,Direct Quotations,其他,Other,none,群里那句“这活儿交给男生吧”，后来被截图发到了内网。,群里那句“这活儿交给男生吧”，后来被截图发到了内网。,KEEP,男生,被举报的原话,群里那句带倾向性的话被截图发到内网,hard
NEG-0964,N5,五、引用与转述,Quotations and Reported Speech,N5.1,5.1 直接引语,Direct Quotations,其他,Other,none,“姑娘家读书没用”，这话我奶奶说过，我妈没说过。,“姑娘家读书没用”，这话我奶奶说过，我妈没说过。,KEEP,姑娘家/奶奶/妈,引语＋两代人的对比，是全句要点,这类话我家上一辈说过，我妈没说过,hard
NEG-0966,N5,五、引用与转述,Quotations and Reported Speech,N5.2,5.2 文献与史料,Documents and Historical Sources,公文与规章,Official and Regulatory Text,none,这封民国家书的抬头写的是“慈母大人膝下”。,这封民国家书的抬头写的是“慈母大人膝下”。,KEEP,慈母大人膝下,书信抬头的原文,这封民国家书用的是旧式抬头,medium
NEG-0967,N5,五、引用与转述,Quotations and Reported Speech,N5.2,5.2 文献与史料,Documents and Historical Sources,学术与调研,Academic and Research,none,族谱里女性只记“某氏”不记名，是相当普遍的体例。,族谱里女性只记“某氏”不记名，是相当普遍的体例。,KEEP,女性/某氏,史料体例的客观描述，是批判的前提,族谱里部分成员只记姓不记名，是普遍体例,hard
NEG-0968,N5,五、引用与转述,Quotations and Reported Speech,N5.3,5.3 法律与官方文书原件,Original Legal and Official Documents,其他,Other,none,劳动合同范本第七条涉及女职工三期保护的内容。,劳动合同范本第七条涉及女职工三期保护的内容。,KEEP,女职工三期,合同条款的法定内容,劳动合同范本第七条涉及特殊时期保护,medium
NEG-0969,N5,五、引用与转述,Quotations and Reported Speech,N5.3,5.3 法律与官方文书原件,Original Legal and Official Documents,法律与司法,Legal and Judicial,none,判决书写明：“被告应于本判决生效后十日内向原告之母支付赡养费。”,判决书写明：“被告应于本判决生效后十日内向原告之母支付赡养费。”,KEEP,原告之母,判决主文原文,判决书写明被告应向原告家属支付赡养费,medium
NEG-0970,N5,五、引用与转述,Quotations and Reported Speech,N5.3,5.3 法律与官方文书原件,Original Legal and Official Documents,公文与规章,Official and Regulatory Text,none,通报原文是“侵害妇女儿童权益的违法行为”，转发时按原文。,通报原文是“侵害妇女儿童权益的违法行为”，转发时按原文。,KEEP,妇女儿童,通报原文，句子本身已声明照原文转发,通报原文涉及权益侵害，转发时按原文,hard
NEG-0971,N5,五、引用与转述,Quotations and Reported Speech,N5.4,5.4 研究与调查材料,Research and Survey Materials,学术与调研,Academic and Research,none,预调查发现，“您配偶的职业”这一题女性的填答率更高。,预调查发现，“您配偶的职业”这一题女性的填答率更高。,KEEP,配偶/女性,题目原文与填答行为差异,预调查发现某一题的填答率存在差异,hard
NEG-0972,N5,五、引用与转述,Quotations and Reported Speech,N5.4,5.4 研究与调查材料,Research and Survey Materials,学术与调研,Academic and Research,none,访谈里她反复说“我们女的”，这个自称本身就值得分析。,访谈里她反复说“我们女的”，这个自称本身就值得分析。,KEEP,我们女的,受访者自称，是分析对象,访谈里她反复使用某个自称，值得分析,hard
NEG-0973,N5,五、引用与转述,Quotations and Reported Speech,N5.4,5.4 研究与调查材料,Research and Survey Materials,学术与调研,Academic and Research,none,反向计分题包括“男人不该哭”这一条。,反向计分题包括“男人不该哭”这一条。,KEEP,男人不该哭,量表条目原文,反向计分题包括一条关于情绪表达的陈述,hard
NEG-0974,N5,五、引用与转述,Quotations and Reported Speech,N5.5,5.5 批判性转述与举例,Critical Reporting and Illustrative Examples,学术与调研,Academic and Research,none,“女性更适合做辅助性工作”是本研究要检验的假设，不是结论。,“女性更适合做辅助性工作”是本研究要检验的假设，不是结论。,KEEP,女性更适合做辅助性工作,待检验假设，句子已明确区分,本研究要检验的是一个关于分工的假设,hard
NEG-0975,N5,五、引用与转述,Quotations and Reported Speech,N5.5,5.5 批判性转述与举例,Critical Reporting and Illustrative Examples,学术与调研,Academic and Research,none,教材把“护士姐姐”“医生叔叔”列为需要修改的表述。,教材把“护士姐姐”“医生叔叔”列为需要修改的表述。,KEEP,护士姐姐/医生叔叔,被列举的待改示例，本身不能改,教材列出了若干需要修改的职业称呼,hard
NEG-0976,N5,五、引用与转述,Quotations and Reported Speech,N5.5,5.5 批判性转述与举例,Critical Reporting and Illustrative Examples,公文与规章,Official and Regulatory Text,none,客服话术库里“美女您好”已被标记为待替换。,客服话术库里“美女您好”已被标记为待替换。,KEEP,美女您好,被标记的原话术，删掉则无从替换,客服话术库里有一条称呼已被标记为待替换,hard
NEG-0977,N5,五、引用与转述,Quotations and Reported Speech,N5.5,5.5 批判性转述与举例,Critical Reporting and Illustrative Examples,学术与调研,Academic and Research,none,附录列出了 32 个高频性别刻板词，供后续研究使用。,附录列出了 32 个高频性别刻板词，供后续研究使用。,KEEP,性别刻板词,研究资源说明,附录列出了 32 个高频词，供后续研究使用,medium
NEG-0978,N6,六、自我认同与自称,Self-Identification and Self-Reference,N6.1,6.1 自我描述的性别标签,Self-Described Gender Labels,文艺创作与评论,Literary and Cultural Writing,none,她说自己是“半个女汉子”，另外半个还挺爱哭。,她说自己是“半个女汉子”，另外半个还挺爱哭。,KEEP,女汉子,自选标签与自我调侃,她说自己性格里有刚强也有柔软,hard
NEG-0979,N6,六、自我认同与自称,Self-Identification and Self-Reference,N6.1,6.1 自我描述的性别标签,Self-Described Gender Labels,口语与私人交流,Spoken and Private Communication,none,他简介里写着“两个女儿的爸爸，业余跑马拉松”。,他简介里写着“两个女儿的爸爸，业余跑马拉松”。,KEEP,女儿/爸爸,本人撰写的自我介绍,他简介里写着“两个孩子的家长，业余跑马拉松”,hard
NEG-0980,N6,六、自我认同与自称,Self-Identification and Self-Reference,N6.1,6.1 自我描述的性别标签,Self-Described Gender Labels,学术与调研,Academic and Research,none,“我不是女强人，我只是没得选。”她说这话时很平静。,“我不是女强人，我只是没得选。”她说这话时很平静。,KEEP,女强人,受访者的自我否定式表述,“我不是什么强人，我只是没得选。”,hard
NEG-0981,N6,六、自我认同与自称,Self-Identification and Self-Reference,N6.2,6.2 主动声明的性别与代词,Explicit Gender and Pronoun Declarations,其他,Other,none,她把社交平台的性别一栏改成了“不愿透露”。,她把社交平台的性别一栏改成了“不愿透露”。,KEEP,性别/不愿透露,本人的隐私选择,她把社交平台的资料改成了不公开,medium
NEG-0982,N6,六、自我认同与自称,Self-Identification and Self-Reference,N6.2,6.2 主动声明的性别与代词,Explicit Gender and Pronoun Declarations,其他,Other,none,邀请函问是否需要标注代词，他勾了“是”。,邀请函问是否需要标注代词，他勾了“是”。,KEEP,代词/他,本人的主动选择,邀请函问是否需要标注，他勾了“是”,medium
NEG-0983,N6,六、自我认同与自称,Self-Identification and Self-Reference,N6.2,6.2 主动声明的性别与代词,Explicit Gender and Pronoun Declarations,口语与私人交流,Spoken and Private Communication,none,“叫我名字就行，别加什么女士先生。”,“叫我名字就行，别加什么女士先生。”,KEEP,女士先生,当事人对称呼的明确要求,“叫我名字就行，别加称谓。”,hard
NEG-0986,N6,六、自我认同与自称,Self-Identification and Self-Reference,N6.3,6.3 社群内部用语,In-Group Community Terms,学术与调研,Academic and Research,dialect,“老铁”在东北话里不分男女，谁都能这么叫。,“老铁”在东北话里不分男女，谁都能这么叫。,KEEP,男女,方言词的去性别化说明,“老铁”在东北话里谁都能这么叫,medium
NEG-0987,N6,六、自我认同与自称,Self-Identification and Self-Reference,N6.4,6.4 职业与身份的自我定位,Occupational and Identity Self-Positioning,文艺创作与评论,Literary and Cultural Writing,none,“作为一个女焊工，我最常听到的一句是别累着。”,“作为一个女焊工，我最常听到的一句是别累着。”,KEEP,女焊工,受访者自我定位，是叙述前提,“作为一个焊工，我最常听到的是别累着。”,hard
NEG-0988,N6,六、自我认同与自称,Self-Identification and Self-Reference,N6.4,6.4 职业与身份的自我定位,Occupational and Identity Self-Positioning,新闻报道,News Reporting,none,他做了十年幼儿园老师，名片上印的是“孩子王”。,他做了十年幼儿园老师，名片上印的是“孩子王”。,KEEP,他/孩子王,本人自选的名片用语,这位做了十年幼儿园老师，名片印着“孩子王”,medium
NEG-0989,N6,六、自我认同与自称,Self-Identification and Self-Reference,N6.4,6.4 职业与身份的自我定位,Occupational and Identity Self-Positioning,学术与调研,Academic and Research,none,“我是全职爸爸”这句话，他说了六年才不用再解释。,“我是全职爸爸”这句话，他说了六年才不用再解释。,KEEP,全职爸爸,当事人自述及其处境,“我是全职家长”这句话，他说了六年,hard
NEG-0990,N6,六、自我认同与自称,Self-Identification and Self-Reference,N6.5,6.5 艺名、网名、角色名,"Stage Names, Usernames, and Character Names",其他,Other,none,她的网名叫“某某他妈”，孩子上初中之后也没改。,她的网名叫“某某他妈”，孩子上初中之后也没改。,KEEP,他妈,用户自选网名,她的网名多年没改过,medium
NEG-0991,N6,六、自我认同与自称,Self-Identification and Self-Reference,N6.5,6.5 艺名、网名、角色名,"Stage Names, Usernames, and Character Names",学术与调研,Academic and Research,none,“半夏女史”这个笔名是她自己取的，用了十几年。,“半夏女史”这个笔名是她自己取的，用了十几年。,KEEP,半夏女史,自选笔名,“半夏”这个笔名是她自己取的,medium
NEG-1008,N7,七、语言本体层面的历史残留,Lexicalized and Historically Conventional Gender Forms,N7.1,7.1 字形理据,Orthographic Motivation,学术与调研,Academic and Research,none,“婚”字从女从昏，与古时黄昏成礼的说法有关。,“婚”字从女从昏，与古时黄昏成礼的说法有关。,KEEP,婚/女,构字理据的学术说明,这个字的构形与古时的成礼时辰有关,medium
NEG-1009,N7,七、语言本体层面的历史残留,Lexicalized and Historically Conventional Gender Forms,N7.1,7.1 字形理据,Orthographic Motivation,学术与调研,Academic and Research,none,“男”字从田从力，是个会意字。,“男”字从田从力，是个会意字。,KEEP,男/田/力,构字法说明,这个字是会意字，由两个部件构成,easy
NEG-1010,N7,七、语言本体层面的历史残留,Lexicalized and Historically Conventional Gender Forms,N7.1,7.1 字形理据,Orthographic Motivation,其他,Other,none,“她”字造出来之前，书面上一律写“伊”或者“他”。,“她”字造出来之前，书面上一律写“伊”或者“他”。,KEEP,她/伊/他,汉字史事实,这个字造出来之前，书面上另有写法,medium
NEG-1012,N7,七、语言本体层面的历史残留,Lexicalized and Historically Conventional Gender Forms,N7.2,7.2 敬语传统的中性化用法,Gender-Neutralized Traditional Honorifics,口语与私人交流,Spoken and Private Communication,none,中医馆里病人管坐诊的都叫“老师”，不分男女。,中医馆里病人管坐诊的都叫“老师”，不分男女。,KEEP,男女,行业称呼的实况,中医馆里病人管坐诊的都叫“老师”,medium
NEG-1014,N7,七、语言本体层面的历史残留,Lexicalized and Historically Conventional Gender Forms,N7.3,7.3 已中性化的复合词,Lexicalized Gender-Neutral Compounds,公文与规章,Official and Regulatory Text,none,“男女平等”是政策术语，不是在强调二分。,“男女平等”是政策术语，不是在强调二分。,KEEP,男女平等,术语说明，句子本身在澄清,这一政策术语不是在强调二分,hard
NEG-1016,N7,七、语言本体层面的历史残留,Lexicalized and Historically Conventional Gender Forms,N7.3,7.3 已中性化的复合词,Lexicalized Gender-Neutral Compounds,其他,Other,none,“儿女情长”里的“儿女”并不指具体的子女。,“儿女情长”里的“儿女”并不指具体的子女。,KEEP,儿女,成语中的泛化用法,这个成语里的相关词并不指具体子女,medium
NEG-1017,N7,七、语言本体层面的历史残留,Lexicalized and Historically Conventional Gender Forms,N7.4,7.4 语法性词汇,Grammaticalized Vocabulary,学术与调研,Academic and Research,none,西班牙语的 amigo 和 amiga 有性别之分，中文的“朋友”没有。,西班牙语的 amigo 和 amiga 有性别之分，中文的“朋友”没有。,KEEP,amigo/amiga/性别,跨语言对比,西班牙语相关词有形态区分，中文没有,easy
NEG-1019,N7,七、语言本体层面的历史残留,Lexicalized and Historically Conventional Gender Forms,N7.4,7.4 语法性词汇,Grammaticalized Vocabulary,学术与调研,Academic and Research,none,泰语的敬语助词男女不同，译成中文时通常省略。,泰语的敬语助词男女不同，译成中文时通常省略。,KEEP,男女,语法差异说明,泰语的敬语助词因人而异，中文通常省略,medium
NEG-1020,N7,七、语言本体层面的历史残留,Lexicalized and Historically Conventional Gender Forms,N7.5,7.5 惯用搭配与固定表达,Idiomatic Collocations and Fixed Expressions,医疗健康,Medical and Health,none,“父债子还”是旧说法，在法律上并不成立。,“父债子还”是旧说法，在法律上并不成立。,KEEP,父债子还,俗语原文，且句子已否定其效力,这类旧说法在法律上并不成立,hard
NEG-1022,N8,八、假触发词（形似而非）,False Gender Triggers,N8.2,8.2 机械电气与器件,"Mechanical, Electrical, and Device Terms",工程与技术,Engineering and Technology,none,接地母线要与建筑物基础钢筋可靠连接。,接地母线要与建筑物基础钢筋可靠连接。,KEEP,母线,电气术语,接地干线要与建筑物基础钢筋可靠连接,easy
NEG-1028,N8,八、假触发词（形似而非）,False Gender Triggers,N8.4,8.4 计算机与数学,Computing and Mathematics Terms,工程与技术,Engineering and Technology,structured_text,父目录的权限设成 755 就够用了。,父目录的权限设成 755 就够用了。,KEEP,父目录,文件系统术语,上级目录的权限设成 755 就够用,easy
NEG-1029,N8,八、假触发词（形似而非）,False Gender Triggers,N8.4,8.4 计算机与数学,Computing and Mathematics Terms,文艺创作与评论,Literary and Cultural Writing,none,InDesign 里叫“主页”的功能，PPT 里叫“母版”。,InDesign 里叫“主页”的功能，PPT 里叫“母版”。,KEEP,母版,软件功能名称，两个名称都需保留,这个功能在不同软件里叫法不同,medium
NEG-1030,N8,八、假触发词（形似而非）,False Gender Triggers,N8.5,8.5 组织与商业术语,Organizational and Commercial Terms,医疗健康,Medical and Health,none,航天器的母舱与子舱是配套设计的。,航天器的母舱与子舱是配套设计的。,KEEP,母舱/子舱,航天工程术语,航天器的主舱与分舱是配套设计的,easy
NEG-1033,N8,八、假触发词（形似而非）,False Gender Triggers,N8.7,8.7 专名、地名与商标,"Proper Names, Place Names, and Trademarks",学术与调研,Academic and Research,none,“娘娘腔”是贬义词，“娘娘庙”不是。,“娘娘腔”是贬义词，“娘娘庙”不是。,KEEP,娘娘腔/娘娘庙,同一语素在两处的性质完全不同，句子本身在作区分,这两个词的性质完全不同,hard
NEG-1036,N8,八、假触发词（形似而非）,False Gender Triggers,N8.5,8.5 组织与商业术语,Organizational and Commercial Terms,其他,Other,none,母语迁移是二语习得研究的核心议题之一。,母语迁移是二语习得研究的核心议题之一。,KEEP,母语迁移,语言学术语,第一语言迁移是二语习得的核心议题,medium
NEG-1037,N8,八、假触发词（形似而非）,False Gender Triggers,N8.8,8.8 度量衡与其他引申,Units of Measurement and Other Extended Meanings,学术与调研,Academic and Research,none,“公道”这个词跟性别没有半点关系。,“公道”这个词跟性别没有半点关系。,KEEP,公道/性别,句子本身在说明该词不涉性别,这个词跟性别没有关系,hard
NEG-1040,N3,三、制度性与统计性区分,Institutionally or Statistically Necessary Gender Distinctions,N3.1,3.1 法律与行政身份,Legal and Administrative Status,法律与司法,Legal and Judicial,structured_text,甲乙双方系夫妻关系，现就子女抚养事宜达成如下协议。,甲乙双方系夫妻关系，现就子女抚养事宜达成如下协议。,KEEP,夫妻关系,句子明确说明甲乙双方系夫妻关系，是具体法律关系事实，并非对所有家庭结构的泛化。,甲乙双方系子女的共同监护人，现就抚养事宜达成如下协议。,hard
